T,AGF,Omega_peak,Total_Area
1.000000000000000000e+00,9.998464724776809920e-01,1.361764102933328680e+01,6.534984523458676904e+02
1.500000000000000000e+00,9.999811053602918332e-01,8.244785282812006955e+00,5.172263035411937153e+02
2.000000000000000000e+00,9.998497590061866669e-01,5.727206684543422632e+00,4.907933523284428929e+02
2.500000000000000000e+00,9.999742596424547880e-01,4.295254089937352582e+00,5.027775612379336962e+02
3.000000000000000000e+00,9.999015164281148671e-01,3.379775243969977083e+00,5.320590105074925305e+02
3.500000000000000000e+00,9.999725830902850277e-01,2.751138175115385387e+00,5.704926216319902323e+02
4.000000000000000000e+00,9.999075176188025882e-01,2.297547000200891532e+00,6.143520637141454017e+02
4.500000000000000000e+00,9.999537355715342191e-01,2.044090057290862905e+00,6.617108344247906189e+02
5.000000000000000000e+00,9.999509184702027875e-01,2.036442560731970719e+00,7.114757264320786589e+02
5.500000000000000000e+00,9.999528554759047339e-01,2.030564360724244288e+00,7.629791380434877510e+02
6.000000000000000000e+00,9.999591272435838230e-01,2.026001161207235501e+00,8.157885954007913369e+02
6.500000000000000000e+00,9.999294284884745476e-01,2.022364242078348973e+00,8.696101527591064269e+02
7.000000000000000000e+00,9.999794023479274818e-01,2.019439566434361844e+00,9.242359669659651900e+02
7.500000000000000000e+00,9.999325712400354282e-01,2.017006990275782563e+00,9.795141746955584949e+02
8.000000000000000000e+00,9.999813613591035377e-01,2.015043515136738961e+00,1.035330721861346092e+03
8.500000000000000000e+00,9.999035950063135392e-01,2.013396929381741529e+00,1.091597934983150935e+03
9.000000000000000000e+00,9.999885173848686026e-01,2.011992683434156159e+00,1.148247068396396571e+03
9.500000000000000000e+00,9.999168975926796543e-01,2.010786465186393812e+00,1.205223288936605968e+03
1.000000000000000000e+01,9.999891279595715110e-01,2.009743427512897362e+00,1.262482206845776773e+03
1.050000000000000000e+01,9.998942408940342252e-01,2.008840584820065445e+00,1.319987417525729825e+03
1.100000000000000000e+01,9.999891238151719097e-01,2.008084147100748229e+00,1.377708722016069032e+03
1.150000000000000000e+01,9.999174863415383196e-01,2.007418727491658395e+00,1.435620814157288578e+03
1.200000000000000000e+01,9.999898644599884978e-01,2.006830477946322411e+00,1.493702295526706621e+03
1.250000000000000000e+01,9.999021529630131022e-01,2.006308053523088386e+00,1.551934925011292307e+03
1.300000000000000000e+01,9.999869209795614333e-01,2.005842095453198137e+00,1.610303039251423343e+03
1.350000000000000000e+01,9.999325993708261251e-01,2.005424832946932856e+00,1.668793099465469368e+03
1.400000000000000000e+01,9.999883068646541195e-01,2.005049774005903451e+00,1.727393333075048531e+03
1.450000000000000000e+01,9.999259429490138240e-01,2.004711463475771005e+00,1.786093447361351764e+03
1.500000000000000000e+01,9.999824752701822472e-01,2.004405292328979016e+00,1.844884398500076486e+03
1.550000000000000000e+01,9.999555652278818707e-01,2.004127346279345190e+00,1.903758203634410847e+03
1.600000000000000000e+01,9.999837470927792626e-01,2.003874284802479977e+00,1.962707786730598627e+03
1.650000000000000000e+01,9.999538174381813471e-01,2.003643243845799393e+00,2.021726851197599899e+03
1.700000000000000000e+01,9.999730250387630637e-01,2.003431757112553946e+00,2.080809773892527573e+03
1.750000000000000000e+01,9.999763359639193272e-01,2.003237692001841541e+00,2.139951516351254668e+03
1.800000000000000000e+01,9.999745325486486536e-01,2.003059197192942786e+00,2.199147549997514034e+03
1.850000000000000000e+01,9.999763075340519780e-01,2.002894659531038180e+00,2.258393792775083057e+03
1.900000000000000000e+01,9.999583363863930874e-01,2.002742668385690372e+00,2.317686555175429021e+03
1.950000000000000000e+01,9.999888401375495173e-01,2.002601986047601201e+00,2.377022494042332710e+03
2.000000000000000000e+01,9.999622500330984654e-01,2.002471523025468603e+00,2.436398572850012897e+03
2.050000000000000000e+01,9.999888050190360866e-01,2.002350317345562125e+00,2.495812027399968883e+03
2.100000000000000000e+01,9.999427117851533708e-01,2.002237517131759681e+00,2.555260336076652948e+03
2.150000000000000000e+01,9.999929633366273496e-01,2.002132365886201804e+00,2.614741193957861469e+03
2.200000000000000000e+01,9.999520115367281914e-01,2.002034190009073455e+00,2.674252490199181921e+03
2.250000000000000000e+01,9.999930397543963512e-01,2.001942388174660969e+00,2.733792288211166124e+03
2.300000000000000000e+01,9.999331987433268676e-01,2.001856422251186540e+00,2.793358808229387250e+03
2.350000000000000000e+01,9.999924716883816789e-01,2.001775809529026340e+00,2.852950411941922084e+03
2.400000000000000000e+01,9.999493172519871020e-01,2.001700116029196952e+00,2.912565588892930009e+03
2.450000000000000000e+01,9.999932635190967867e-01,2.001628950737480483e+00,2.972202944424528596e+03
2.500000000000000000e+01,9.999347997054572890e-01,2.001561960614559599e+00,3.031861188955957914e+03
2.550000000000000000e+01,9.999907389085646026e-01,2.001498826268431230e+00,3.091539128428234108e+03
2.600000000000000000e+01,9.999560376167486719e-01,2.001439258187885262e+00,3.151235655768324705e+03
2.650000000000000000e+01,9.999922482320293682e-01,2.001382993460345094e+00,3.210949743247279912e+03
2.700000000000000000e+01,9.999471384692926179e-01,2.001329792900104820e+00,3.270680435624365600e+03
2.750000000000000000e+01,9.999881060753781359e-01,2.001279438528920540e+00,3.330426843984480001e+03
2.800000000000000000e+01,9.999690685483166863e-01,2.001231731367357103e+00,3.390188140187799036e+03
2.850000000000000000e+01,9.999898127371043000e-01,2.001186489484051201e+00,3.449963551862222175e+03
2.900000000000000000e+01,9.999647475219521908e-01,2.001143546277567520e+00,3.509752357877488976e+03
2.950000000000000000e+01,9.999826458871593493e-01,2.001102748955572608e+00,3.569553884247941369e+03
3.000000000000000000e+01,9.999824982592127043e-01,2.001063957186327347e+00,3.629367500417306928e+03
3.050000000000000000e+01,9.999845206242147233e-01,2.001027041901527692e+00,3.689192615885021041e+03
3.100000000000000000e+01,9.999807204119173232e-01,2.000991884230142404e+00,3.749028677137788691e+03
3.150000000000000000e+01,9.999731822066542097e-01,2.000958856584890366e+00,3.808875164855196090e+03
3.200000000000000000e+01,9.999914780009124815e-01,2.000928422778318616e+00,3.868731591361200117e+03
3.250000000000000000e+01,9.999764694719527336e-01,2.000899372678225596e+00,3.928597498296934646e+03
3.300000000000000000e+01,9.999907359881493596e-01,2.000871623799714616e+00,3.988472454492738962e+03
3.350000000000000000e+01,9.999616607147967517e-01,2.000845099703393970e+00,4.048356054020242027e+03
3.400000000000000000e+01,9.999947911584724514e-01,2.000819729472405495e+00,4.108247914406758355e+03
3.450000000000000000e+01,9.999684725650987982e-01,2.000795447241239700e+00,4.168147674997000649e+03
3.500000000000000000e+01,9.999946667316169657e-01,2.000772191770606945e+00,4.228054995447932924e+03
3.550000000000000000e+01,9.999527393243795581e-01,2.000749906063715500e+00,4.287969554344655990e+03
3.600000000000000000e+01,9.999944298375267326e-01,2.000728537018690023e+00,4.347891047926130341e+03
3.650000000000000000e+01,9.999645638315772800e-01,2.000708035114115990e+00,4.407819188910925732e+03
3.700000000000000000e+01,9.999950898748979355e-01,2.000688354123577817e+00,4.467753705413852913e+03
3.750000000000000000e+01,9.999509124643980451e-01,2.000669450856356502e+00,4.527694339945785941e+03
3.800000000000000000e+01,9.999929920825998408e-01,2.000651284921407758e+00,4.587640848489119890e+03
3.850000000000000000e+01,9.999671623226715766e-01,2.000633818513075646e+00,4.647592999642530231e+03
3.900000000000000000e+01,9.999944103370932424e-01,2.000617016214933930e+00,4.707550573829075802e+03
3.950000000000000000e+01,9.999574563384134862e-01,2.000600844821370128e+00,4.767513362562239308e+03
4.000000000000000000e+01,9.999912812369109449e-01,2.000585273173796974e+00,4.827481167765258760e+03
4.050000000000000000e+01,9.999752475331646906e-01,2.000570272011570783e+00,4.887453801139097777e+03
4.100000000000000000e+01,9.999930515811883414e-01,2.000555813835170227e+00,4.947431083575328557e+03
4.150000000000000000e+01,9.999695466499571861e-01,2.000541872780229991e+00,5.007412844610214961e+03
4.200000000000000000e+01,9.999880414553861119e-01,2.000528424502967528e+00,5.067398921916606014e+03
4.250000000000000000e+01,9.999850197991962952e-01,2.000515446073402259e+00,5.127389160830824039e+03
4.300000000000000000e+01,9.999899563286274162e-01,2.000502915879001087e+00,5.187383413911730713e+03
4.350000000000000000e+01,9.999821594844672257e-01,2.000490813534294698e+00,5.247381540529397171e+03
4.400000000000000000e+01,9.999818187960286542e-01,2.000479119798950656e+00,5.307383406481264501e+03
4.450000000000000000e+01,9.999924598594741587e-01,2.000467816500749230e+00,5.367388883633600926e+03
4.500000000000000000e+01,9.999845523792533220e-01,2.000456886465590500e+00,5.427397849586399388e+03
4.550000000000000000e+01,9.999911675641657283e-01,2.000446313452759028e+00,5.487410187359916563e+03
4.600000000000000000e+01,9.999731301228550473e-01,2.000436082094369183e+00,5.547425785101366273e+03
4.650000000000000000e+01,9.999957430336733344e-01,2.000426177840088915e+00,5.607444535810120215e+03
4.700000000000000000e+01,9.999782194351979348e-01,2.000416586905108485e+00,5.667466337080274570e+03
4.750000000000000000e+01,9.999953710555423703e-01,2.000407296222844966e+00,5.727491090859236465e+03
4.800000000000000000e+01,9.999649874056325549e-01,2.000398293399982652e+00,5.787518703221101532e+03
4.850000000000000000e+01,9.999957469441504987e-01,2.000389566675836672e+00,5.847549084153997683e+03
4.900000000000000000e+01,9.999738845835655088e-01,2.000381104883556471e+00,5.907582147360253657e+03
4.950000000000000000e+01,9.999962061520190071e-01,2.000372897415005902e+00,5.967617810068525614e+03
5.000000000000000000e+01,9.999612443332441813e-01,2.000364934187206067e+00,6.027655992857145065e+03
5.050000000000000000e+01,9.999945274624273406e-01,2.000357205611622113e+00,6.087696619487833232e+03
5.100000000000000000e+01,9.999740586248659913e-01,2.000349702565308530e+00,6.147739616749142442e+03
5.150000000000000000e+01,9.999957625304869424e-01,2.000342416364110143e+00,6.207784914308956104e+03
5.200000000000000000e+01,9.999640387615759130e-01,2.000335338737585289e+00,6.267832444575408772e+03
5.250000000000000000e+01,9.999932380368290463e-01,2.000328461805597868e+00,6.327882142565810682e+03
5.300000000000000000e+01,9.999789624576538305e-01,2.000321778056377564e+00,6.387933945782830051e+03
5.350000000000000000e+01,9.999949340344003179e-01,2.000315280326160572e+00,6.447987794097671213e+03
5.400000000000000000e+01,9.999723147035908255e-01,2.000308961779941441e+00,6.508043629639761093e+03
5.450000000000000000e+01,9.999912698597487326e-01,2.000302815893642894e+00,6.568101396692371964e+03
5.500000000000000000e+01,9.999862843491257314e-01,2.000296836437228443e+00,6.628161041594030394e+03
5.550000000000000000e+01,9.999931340283261250e-01,2.000291017458895482e+00,6.688222512645240386e+03
5.600000000000000000e+01,9.999825231873866738e-01,2.000285353270450983e+00,6.748285760020143243e+03
5.650000000000000000e+01,9.999872222081969131e-01,2.000279838433400403e+00,6.808350735682928644e+03
5.700000000000000000e+01,9.999927427085598675e-01,2.000274467745785767e+00,6.868417393308617648e+03
5.750000000000000000e+01,9.999895518380462756e-01,2.000269236230081571e+00,6.928485688207994826e+03
5.800000000000000000e+01,9.999908864816994258e-01,2.000264139121750606e+00,6.988555577256432116e+03
5.850000000000000000e+01,9.999807455252414101e-01,2.000259171858088436e+00,7.048627018826372478e+03
5.900000000000000000e+01,9.999961917657678168e-01,2.000254330068437447e+00,7.108699972723234168e+03
5.950000000000000000e+01,9.999846288071394529e-01,2.000249609564350717e+00,7.168774400124575550e+03
6.000000000000000000e+01,9.999955088297858286e-01,2.000245006330622743e+00,7.228850263522358546e+03
6.050000000000000000e+01,9.999735787276018417e-01,2.000240516516742950e+00,7.288927526667972415e+03
6.100000000000000000e+01,9.999966638932586971e-01,2.000236136428874101e+00,7.349006154520075142e+03
6.150000000000000000e+01,9.999803466268927243e-01,2.000231862522266368e+00,7.409086113194973223e+03
6.200000000000000000e+01,9.999968800051247664e-01,2.000227691394061758e+00,7.469167369919378871e+03
6.250000000000000000e+01,9.999688342527515150e-01,2.000223619776652306e+00,7.529249892985482802e+03
6.300000000000000000e+01,9.999956778734695462e-01,2.000219644531126661e+00,7.589333651708157959e+03
6.350000000000000000e+01,9.999790316056046402e-01,2.000215762641352590e+00,7.649418616384207780e+03
6.400000000000000000e+01,9.999966863956286645e-01,2.000211971208165185e+00,7.709504758253551699e+03
6.450000000000000000e+01,9.999690211141676333e-01,2.000208267444059995e+00,7.769592049462206887e+03
6.500000000000000000e+01,9.999945629128651481e-01,2.000204648668078455e+00,7.829680463026979851e+03
6.550000000000000000e+01,9.999816580693382528e-01,2.000201112300840300e+00,7.889769972801838776e+03
6.600000000000000000e+01,9.999961145789402206e-01,2.000197655860124879e+00,7.949860553445758342e+03
6.650000000000000000e+01,9.999743323219490998e-01,2.000194276956347661e+00,8.009952180392117043e+03
6.700000000000000000e+01,9.999932833687509293e-01,2.000190973288585639e+00,8.070044829819360530e+03
6.750000000000000000e+01,9.999870569152224942e-01,2.000187742640572530e+00,8.130138478623068295e+03
6.800000000000000000e+01,9.999950618866424445e-01,2.000184582877030159e+00,8.190233104389252730e+03
6.850000000000000000e+01,9.999824865184843148e-01,2.000181491940131284e+00,8.250328685368807783e+03
6.900000000000000000e+01,9.999907085765353809e-01,2.000178467846160046e+00,8.310425200453089928e+03
6.950000000000000000e+01,9.999926783239599937e-01,2.000175508682306091e+00,8.370522629150569628e+03
7.000000000000000000e+01,9.999927592106556684e-01,2.000172612603710931e+00,8.430620951564498682e+03
7.050000000000000000e+01,9.999902172688541757e-01,2.000169777830510753e+00,8.490720148371528921e+03
7.100000000000000000e+01,9.999860148081861633e-01,2.000167002645178549e+00,8.550820200801237661e+03
7.150000000000000000e+01,9.999962889264537580e-01,2.000164285389868013e+00,8.610921090616535366e+03
7.200000000000000000e+01,9.999890564017036576e-01,2.000161624463985266e+00,8.671022800094871855e+03
7.250000000000000000e+01,9.999952278017214535e-01,2.000159018321819193e+00,8.731125312010293783e+03
7.300000000000000000e+01,9.999799556414583623e-01,2.000156465470281919e+00,8.791228609616138783e+03
7.350000000000000000e+01,9.999972716376855919e-01,2.000153964466807821e+00,8.851332676628544505e+03
7.400000000000000000e+01,9.999851343928287672e-01,2.000151513917303614e+00,8.911437497210588845e+03
7.450000000000000000e+01,9.999972077714224250e-01,2.000149112474170821e+00,8.971543055957075921e+03
7.500000000000000000e+01,9.999748501305439907e-01,2.000146758834532967e+00,9.031649337879949599e+03
7.550000000000000000e+01,9.999965843023014278e-01,2.000144451738361973e+00,9.091756328394278171e+03
7.600000000000000000e+01,9.999829583299664204e-01,2.000142189966914952e+00,9.151864013304817490e+03
7.650000000000000000e+01,9.999973421128988127e-01,2.000139972341049788e+00,9.211972378793092503e+03
7.700000000000000000e+01,9.999732267727464707e-01,2.000137797719708566e+00,9.272081411404988103e+03
7.750000000000000000e+01,9.999955520422355582e-01,2.000135664998452967e+00,9.332191098038840209e+03
7.800000000000000000e+01,9.999839009008288926e-01,2.000133573108048513e+00,9.392301425933968858e+03
7.850000000000000000e+01,9.999969185618514667e-01,2.000131521013178926e+00,9.452412382659666036e+03
7.900000000000000000e+01,9.999761277293621742e-01,2.000129507711098320e+00,9.512523956104636454e+03
7.950000000000000000e+01,9.999945991800970324e-01,2.000127532230421501e+00,9.572636134466765725e+03
8.000000000000000000e+01,9.999876736425823420e-01,2.000125593629994647e+00,9.632748906243345118e+03
8.050000000000000000e+01,9.999962686201936402e-01,2.000123690997734016e+00,9.692862260221658289e+03
8.100000000000000000e+01,9.999823805416665490e-01,2.000121823449592107e+00,9.752976185469877237e+03
8.150000000000000000e+01,9.999929817738578697e-01,2.000119990128496728e+00,9.813090671328340250e+03
8.200000000000000000e+01,9.999924577664407455e-01,2.000118190203377999e+00,9.873205707401153632e+03
8.250000000000000000e+01,9.999948400860318998e-01,2.000116422868252197e+00,9.933321283548048086e+03
8.300000000000000000e+01,9.999893590307618041e-01,2.000114687341190134e+00,9.993437389876611633e+03
8.350000000000000000e+01,9.999897059760360918e-01,2.000112982863790023e+00,1.005355401673474080e+04
8.400000000000000000e+01,9.999961314831853354e-01,2.000111308699871415e+00,1.011367115470339922e+04
8.450000000000000000e+01,9.999921708543206833e-01,2.000109664135080845e+00,1.017378879458963092e+04
8.500000000000000000e+01,9.999946265456518546e-01,2.000108048475941924e+00,1.023390692741981547e+04
8.550000000000000000e+01,9.999847989828900552e-01,2.000106461049164341e+00,1.029402554443316512e+04
8.600000000000000000e+01,9.999976127445393548e-01,2.000104901200943530e+00,1.035414463707544201e+04
8.650000000000000000e+01,9.999887962527183038e-01,2.000103368296287876e+00,1.041426419699292819e+04
8.700000000000000000e+01,9.999972288587972713e-01,2.000101861718333041e+00,1.047438421602659218e+04
8.750000000000000000e+01,9.999797988730089182e-01,2.000100380867870342e+00,1.053450468620639913e+04
8.800000000000000000e+01,9.999972988331207180e-01,2.000098925162544283e+00,1.059462559974593569e+04
8.850000000000000000e+01,9.999862173408781141e-01,2.000097494036389367e+00,1.065474694903710588e+04
8.900000000000000000e+01,9.999977860724607037e-01,2.000096086939315398e+00,1.071486872664506882e+04
8.950000000000000000e+01,9.999769940380784927e-01,2.000094703336462665e+00,1.077499092530335656e+04
9.000000000000000000e+01,9.999963550844628291e-01,2.000093342707821797e+00,1.083511353790909016e+04
9.050000000000000000e+01,9.999859336598037052e-01,2.000092004547680880e+00,1.089523655751844126e+04
9.100000000000000000e+01,9.999975081485301676e-01,2.000090688364151603e+00,1.095535997734217199e+04
9.150000000000000000e+01,9.999779409578863909e-01,2.000089393678735394e+00,1.101548379074139848e+04
9.200000000000000000e+01,9.999955201210146694e-01,2.000088120025866889e+00,1.107560799122340541e+04
9.250000000000000000e+01,9.999883024574313106e-01,2.000086866952558218e+00,1.113573257243766238e+04
9.300000000000000000e+01,9.999970570673502035e-01,2.000085634017905623e+00,1.119585752817195862e+04
9.350000000000000000e+01,9.999823983368660851e-01,2.000084420792746176e+00,1.125598285234865034e+04
9.400000000000000000e+01,9.999944744054612977e-01,2.000083226859326047e+00,1.131610853902103554e+04
9.450000000000000000e+01,9.999922085447675579e-01,2.000082051810874617e+00,1.137623458236984516e+04
9.500000000000000000e+01,9.999961905235370541e-01,2.000080895251255875e+00,1.143636097669985611e+04
9.550000000000000000e+01,9.999884632449541622e-01,2.000079756794704622e+00,1.149648771643656983e+04
9.600000000000000000e+01,9.999922816667581316e-01,2.000078636065448556e+00,1.155661479612307994e+04
9.650000000000000000e+01,9.999958001394985141e-01,2.000077532697424498e+00,1.161674221041694364e+04
9.700000000000000000e+01,9.999943587167028358e-01,2.000076446333933333e+00,1.167686995408721123e+04
9.750000000000000000e+01,9.999937928230782092e-01,2.000075376627405088e+00,1.173699802201153943e+04
9.800000000000000000e+01,9.999884873914093308e-01,2.000074323239150242e+00,1.179712640917335921e+04
9.850000000000000000e+01,9.999977138168372193e-01,2.000073285838972925e+00,1.185725511065920000e+04
9.900000000000000000e+01,9.999916171005451826e-01,2.000072264105013264e+00,1.191738412165601585e+04
9.950000000000000000e+01,9.999969662153638250e-01,2.000071257723476492e+00,1.197751343744864425e+04
1.000000000000000000e+02,9.999839200368303427e-01,2.000070266388380702e+00,1.203764305341733780e+04
1.005000000000000000e+02,9.999978340829216439e-01,2.000069289801320593e+00,1.209777296503533580e+04
1.010000000000000000e+02,9.999889771791965476e-01,2.000068327671247204e+00,1.215790316786658150e+04
1.015000000000000000e+02,9.999980300968184244e-01,2.000067379714266735e+00,1.221803365756340463e+04
1.020000000000000000e+02,9.999804526427655826e-01,2.000066445653412739e+00,1.227816442986437505e+04
1.025000000000000000e+02,9.999970402612479159e-01,2.000065525218448492e+00,1.233829548059214903e+04
1.030000000000000000e+02,9.999878527481911306e-01,2.000064618145676487e+00,1.239842680565140472e+04
1.035000000000000000e+02,9.999979569805343971e-01,2.000063724177744806e+00,1.245855840102685033e+04
1.040000000000000000e+02,9.999798679312696947e-01,2.000062843063467266e+00,1.251869026278128149e+04
1.045000000000000000e+02,9.999962268476799698e-01,2.000061974557645339e+00,1.257882238705365489e+04
1.050000000000000000e+02,9.999890291165624001e-01,2.000061118420902950e+00,1.263895477005730208e+04
1.055000000000000000e+02,9.999976072494023427e-01,2.000060274419504847e+00,1.269908740807811228e+04
1.060000000000000000e+02,9.999826553580778432e-01,2.000059442325222925e+00,1.275922029747282068e+04
1.065000000000000000e+02,9.999954737402558802e-01,2.000058621915162593e+00,1.281935343466729682e+04
1.070000000000000000e+02,9.999920249100915370e-01,2.000057812971621551e+00,1.287948681615496935e+04
1.075000000000000000e+02,9.999970696089125477e-01,2.000057015281937023e+00,1.293962043849517613e+04
1.080000000000000000e+02,9.999876564318901373e-01,2.000056228638367184e+00,1.299975429831163638e+04
1.085000000000000000e+02,9.999940554668549364e-01,2.000055452837937509e+00,1.305988839229098812e+04
1.090000000000000000e+02,9.999953719952703324e-01,2.000054687682281784e+00,1.312002271718127304e+04
1.095000000000000000e+02,9.999958747819051030e-01,2.000053932977601256e+00,1.318015726979055762e+04
1.100000000000000000e+02,9.999928194644065460e-01,2.000053188534458126e+00,1.324029204698554713e+04
1.105000000000000000e+02,9.999912652066147434e-01,2.000052454167675631e+00,1.330042704569023226e+04
1.110000000000000000e+02,9.999976078465744322e-01,2.000051729696255443e+00,1.336056226288459220e+04
1.115000000000000000e+02,9.999937721389485779e-01,2.000051014943237337e+00,1.342069769560333043e+04
1.120000000000000000e+02,9.999964489615610352e-01,2.000050309735593945e+00,1.348083334093462872e+04
1.125000000000000000e+02,9.999873346172222233e-01,2.000049613904141044e+00,1.354096919601895934e+04
1.130000000000000000e+02,9.999981871538375922e-01,2.000048927283430089e+00,1.360110525804789177e+04
1.135000000000000000e+02,9.999913121186843057e-01,2.000048249711617210e+00,1.366124152426299406e+04
1.140000000000000000e+02,9.999980632518006285e-01,2.000047581030423682e+00,1.372137799195468688e+04
1.145000000000000000e+02,9.999836322386620457e-01,2.000046921085002705e+00,1.378151465846119208e+04
1.150000000000000000e+02,9.999976264795098491e-01,2.000046269723874559e+00,1.384165152116746322e+04
1.155000000000000000e+02,9.999896807609045535e-01,2.000045626798820475e+00,1.390178857750417592e+04
1.160000000000000000e+02,9.999982857462909047e-01,2.000044992164824009e+00,1.396192582494671296e+04
1.165000000000000000e+02,9.999819217997020226e-01,2.000044365679912506e+00,1.402206326101424929e+04
1.170000000000000000e+02,9.999968224598202449e-01,2.000043747205232592e+00,1.408220088326872610e+04
1.175000000000000000e+02,9.999898862149730894e-01,2.000043136604787719e+00,1.414233868931399411e+04
1.180000000000000000e+02,9.999980219085602418e-01,2.000042533745503004e+00,1.420247667679489314e+04
1.185000000000000000e+02,9.999832084323942993e-01,2.000041938497077787e+00,1.426261484339636809e+04
1.190000000000000000e+02,9.999961766814294828e-01,2.000041350731992740e+00,1.432275318684265585e+04
1.195000000000000000e+02,9.999919727195883956e-01,2.000040770325312689e+00,1.438289170489641401e+04
1.200000000000000000e+02,9.999976545408399975e-01,2.000040197154746124e+00,1.444303039535792777e+04
1.205000000000000000e+02,9.999870415682279301e-01,2.000039631100520410e+00,1.450316925606431687e+04
1.210000000000000000e+02,9.999952612431048937e-01,2.000039072045330713e+00,1.456330828488879888e+04
1.215000000000000000e+02,9.999949227101982974e-01,2.000038519874278276e+00,1.462344747973987069e+04
1.220000000000000000e+02,9.999969060828076683e-01,2.000037974474811797e+00,1.468358683856066637e+04
1.225000000000000000e+02,9.999918022532842121e-01,2.000037435736672364e+00,1.474372635932816047e+04
1.230000000000000000e+02,9.999933128141776928e-01,2.000036903551834389e+00,1.480386604005253866e+04
1.235000000000000000e+02,9.999973370871956257e-01,2.000036377814451871e+00,1.486400587877645921e+04
1.240000000000000000e+02,9.999953858184420508e-01,2.000035858420803336e+00,1.492414587357446726e+04
1.245000000000000000e+02,9.999957205682197259e-01,2.000035345269260745e+00,1.498428602255226178e+04
1.250000000000000000e+02,9.999901177173160516e-01,2.000034838260205117e+00,1.504442632384613535e+04
1.255000000000000000e+02,9.999983559629175289e-01,2.000034337296004328e+00,1.510456677562233017e+04
1.260000000000000000e+02,9.999932604379576651e-01,2.000033842280954932e+00,1.516470737607642877e+04
1.265000000000000000e+02,9.999978787628250876e-01,2.000033353121242641e+00,1.522484812343279191e+04
1.270000000000000000e+02,9.999865162547486586e-01,2.000032869724898354e+00,1.528498901594398376e+04
1.275000000000000000e+02,9.999981053036520739e-01,2.000032392001737325e+00,1.534513005189020078e+04
1.280000000000000000e+02,9.999914037248764931e-01,2.000031919863345831e+00,1.540527122957871325e+04
1.285000000000000000e+02,9.999984860645717566e-01,2.000031453223021227e+00,1.546541254734339600e+04
1.290000000000000000e+02,9.999840662408923109e-01,2.000030991995731089e+00,1.552555400354411540e+04
1.295000000000000000e+02,9.999973566197034591e-01,2.000030536098096334e+00,1.558569559656631100e+04
1.300000000000000000e+02,9.999908665512273753e-01,2.000030085448321060e+00,1.564583732482045161e+04
1.305000000000000000e+02,9.999983500908740108e-01,2.000029639966174777e+00,1.570597918674155153e+04
1.310000000000000000e+02,9.999840700076493283e-01,2.000029199572960881e+00,1.576612118078872118e+04
1.315000000000000000e+02,9.999967165067152886e-01,2.000028764191472685e+00,1.582626330544467965e+04
1.320000000000000000e+02,9.999920917841522705e-01,2.000028333745960119e+00,1.588640555921532359e+04
1.325000000000000000e+02,9.999980648383075543e-01,2.000027908162094192e+00,1.594654794062928340e+04
1.330000000000000000e+02,9.999866939665995602e-01,2.000027487366949686e+00,1.600669044823746481e+04
1.335000000000000000e+02,9.999960808169540138e-01,2.000027071288955849e+00,1.606683308061268326e+04
1.340000000000000000e+02,9.999945222025115044e-01,2.000026659857878197e+00,1.612697583634919829e+04
1.345000000000000000e+02,9.999975980574408174e-01,2.000026253004780763e+00,1.618711871406231694e+04
1.350000000000000000e+02,9.999908379403290581e-01,2.000025850662004334e+00,1.624726171238805546e+04
1.355000000000000000e+02,9.999947832177007445e-01,2.000025452763132705e+00,1.630740482998268089e+04
1.360000000000000000e+02,9.999969528854680823e-01,2.000025059242969139e+00,1.636754806552238733e+04
1.365000000000000000e+02,9.999965633701801693e-01,2.000024670037506613e+00,1.642769141770290298e+04
1.370000000000000000e+02,9.999948412702746037e-01,2.000024285083904729e+00,1.648783488523912820e+04
1.375000000000000000e+02,9.999923297885937590e-01,2.000023904320461288e+00,1.654797846686481716e+04
1.380000000000000000e+02,9.999983452525788019e-01,2.000023527686592306e+00,1.660812216133217225e+04
1.385000000000000000e+02,9.999948464919359292e-01,2.000023155122796492e+00,1.666826596741160029e+04
1.390000000000000000e+02,9.999974793808700246e-01,2.000022786570652134e+00,1.672840988389127597e+04
1.395000000000000000e+02,9.999890714270325276e-01,2.000022421972774911e+00,1.678855390957688724e+04
1.400000000000000000e+02,9.999984616936480331e-01,2.000022061272801466e+00,1.684869804329133694e+04
1.405000000000000000e+02,9.999929880634945700e-01,2.000021704415370749e+00,1.690884228387434632e+04
1.410000000000000000e+02,9.999985381734166623e-01,2.000021351346106702e+00,1.696898663018226216e+04
1.415000000000000000e+02,9.999862338324867483e-01,2.000021002011594717e+00,1.702913108108768938e+04
1.420000000000000000e+02,9.999978406384704144e-01,2.000020656359314586e+00,1.708927563547921091e+04
1.425000000000000000e+02,9.999919418962717188e-01,2.000020314337747518e+00,1.714942029226113300e+04
1.430000000000000000e+02,9.999986052156337735e-01,2.000019975896182967e+00,1.720956505035318696e+04
1.435000000000000000e+02,9.999852143873211308e-01,2.000019640984878500e+00,1.726970990869026718e+04
1.440000000000000000e+02,9.999971765726618500e-01,2.000019309554867952e+00,1.732985486622214012e+04
1.445000000000000000e+02,9.999923981478986423e-01,2.000018981558115527e+00,1.738999992191325146e+04
1.450000000000000000e+02,9.999983756016384007e-01,2.000018656947327056e+00,1.745014507474239508e+04
1.455000000000000000e+02,9.999866601338510685e-01,2.000018335676103209e+00,1.751029032370249115e+04
1.460000000000000000e+02,9.999966553013017734e-01,2.000018017698750761e+00,1.757043566780035690e+04
1.465000000000000000e+02,9.999942278159682507e-01,2.000017702970447342e+00,1.763058110605647016e+04
1.470000000000000000e+02,9.999980633262921526e-01,2.000017391447032278e+00,1.769072663750470747e+04
1.475000000000000000e+02,9.999900172845801460e-01,2.000017083085183334e+00,1.775087226119212937e+04
1.480000000000000000e+02,9.999958126252976864e-01,2.000016777842250626e+00,1.781101797617878401e+04
1.485000000000000000e+02,9.999965143399134337e-01,2.000016475676324124e+00,1.787116378153742335e+04
1.490000000000000000e+02,9.999973952242857678e-01,2.000016176546175029e+00,1.793130967635334673e+04
1.495000000000000000e+02,9.999938837332233987e-01,2.000015880411294411e+00,1.799145565972416443e+04
1.500000000000000000e+02,9.999940339954802582e-01,2.000015587231815051e+00,1.805160173075961575e+04
1.505000000000000000e+02,9.999981771843966527e-01,2.000015296968549627e+00,1.811174788858130341e+04
1.510000000000000000e+02,9.999960974808747016e-01,2.000015009582952086e+00,1.817189413232257357e+04
1.515000000000000000e+02,9.999968848547787781e-01,2.000014725037112306e+00,1.823204046112827200e+04
1.520000000000000000e+02,9.999912689110809216e-01,2.000014443293742783e+00,1.829218687415456952e+04
1.525000000000000000e+02,9.999986776782222586e-01,2.000014164316164411e+00,1.835233337056875826e+04
1.530000000000000000e+02,9.999943996296710713e-01,2.000013888068296719e+00,1.841247994954910246e+04
1.535000000000000000e+02,9.999984190294100017e-01,2.000013614514646765e+00,1.847262661028463117e+04
1.540000000000000000e+02,9.999883492687189346e-01,2.000013343620295370e+00,1.853277335197497814e+04
1.545000000000000000e+02,9.999982655811734400e-01,2.000013075350892233e+00,1.859292017383017446e+04
1.550000000000000000e+02,9.999930624406216939e-01,2.000012809672619962e+00,1.865306707507053943e+04
1.555000000000000000e+02,9.999987750928832630e-01,2.000012546552240256e+00,1.871321405492644772e+04
1.560000000000000000e+02,9.999865884748174727e-01,2.000012285956999758e+00,1.877336111263822750e+04
1.565000000000000000e+02,9.999976005124457945e-01,2.000012027854723762e+00,1.883350824745594946e+04
1.570000000000000000e+02,9.999928832506563836e-01,2.000011772213684758e+00,1.889365545863932493e+04
1.575000000000000000e+02,9.999986261164763857e-01,2.000011519002722338e+00,1.895380274545748762e+04
1.580000000000000000e+02,9.999869554919470493e-01,2.000011268191108194e+00,1.901395010718889171e+04
1.585000000000000000e+02,9.999970894698865242e-01,2.000011019748643371e+00,1.907409754312116274e+04
1.590000000000000000e+02,9.999940821261924517e-01,2.000010773645581441e+00,1.913424505255090116e+04
1.595000000000000000e+02,9.999983883821272901e-01,2.000010529852644048e+00,1.919439263478361318e+04
1.600000000000000000e+02,9.999894148246102343e-01,2.000010288341011133e+00,1.925454028913352522e+04
1.605000000000000000e+02,9.999965213935262387e-01,2.000010049082307173e+00,1.931468801492344937e+04
1.610000000000000000e+02,9.999960816636981331e-01,2.000009812048605173e+00,1.937483581148467056e+04
1.615000000000000000e+02,9.999979673062607821e-01,2.000009577212400025e+00,1.943498367815679740e+04
1.620000000000000000e+02,9.999929307077881635e-01,2.000009344546613832e+00,1.949513161428763124e+04
1.625000000000000000e+02,9.999953018929932380e-01,2.000009114024586587e+00,1.955527961923304247e+04
1.630000000000000000e+02,9.999978848673019005e-01,2.000008885620062848e+00,1.961542769235685773e+04
1.635000000000000000e+02,9.999970486604480291e-01,2.000008659307189518e+00,1.967557583303073625e+04
1.640000000000000000e+02,9.999961328167297214e-01,2.000008435060507850e+00,1.973572404063401336e+04
1.645000000000000000e+02,9.999930976829791707e-01,2.000008212854941902e+00,1.979587231455364599e+04
1.650000000000000000e+02,9.999987444669444780e-01,2.000007992665804757e+00,1.985602065418403436e+04
1.655000000000000000e+02,9.999956139196692906e-01,2.000007774468756327e+00,1.991616905892695286e+04
1.660000000000000000e+02,9.999981194752878277e-01,2.000007558239850436e+00,1.997631752819141548e+04
1.665000000000000000e+02,9.999903341179257055e-01,2.000007343955497507e+00,2.003646606139357027e+04
1.670000000000000000e+02,9.999986093292398959e-01,2.000007131592449028e+00,2.009661465795660115e+04
1.675000000000000000e+02,9.999941770893624460e-01,2.000006921127786885e+00,2.015676331731061873e+04
1.680000000000000000e+02,9.999988375493142900e-01,2.000006712538984210e+00,2.021691203889254029e+04
1.685000000000000000e+02,9.999881167980374519e-01,2.000006505803783252e+00,2.027706082214601702e+04
1.690000000000000000e+02,9.999980022535381874e-01,2.000006300900320610e+00,2.033720966652130301e+04
1.695000000000000000e+02,9.999935183190643562e-01,2.000006097806988681e+00,2.039735857147518618e+04
1.700000000000000000e+02,9.999988290524747248e-01,2.000005896502563996e+00,2.045750753647086458e+04
1.705000000000000000e+02,9.999875670069775513e-01,2.000005696966066004e+00,2.051765656097787723e+04
1.710000000000000000e+02,9.999974562793925159e-01,2.000005499176887636e+00,2.057780564447199140e+04
1.715000000000000000e+02,9.999941087017735208e-01,2.000005303114656741e+00,2.063795478643512615e+04
1.720000000000000000e+02,9.999986325420142652e-01,2.000005108759357775e+00,2.069810398635525780e+04
1.725000000000000000e+02,9.999890847806967020e-01,2.000004916091205232e+00,2.075825324372629984e+04
1.730000000000000000e+02,9.999970155316176834e-01,2.000004725090761770e+00,2.081840255804808112e+04
1.735000000000000000e+02,9.999957124918139595e-01,2.000004535738802769e+00,2.087855192882620759e+04
1.740000000000000000e+02,9.999983561070303617e-01,2.000004348016438005e+00,2.093870135557200410e+04
1.745000000000000000e+02,9.999920640685502349e-01,2.000004161905016620e+00,2.099885083780241257e+04
1.750000000000000000e+02,9.999962126686841035e-01,2.000003977386156429e+00,2.105900037503993372e+04
1.755000000000000000e+02,9.999975137631252897e-01,2.000003794441743477e+00,2.111914996681253251e+04
1.760000000000000000e+02,9.999977445435810353e-01,2.000003613053917384e+00,2.117929961265355814e+04
1.765000000000000000e+02,9.999952797439137786e-01,2.000003433205066905e+00,2.123944931210168579e+04
1.770000000000000000e+02,9.999945591943353307e-01,2.000003254877834369e+00,2.129959906470080386e+04
1.775000000000000000e+02,9.999986666174613958e-01,2.000003078055102801e+00,2.135974887000001036e+04
1.780000000000000000e+02,9.999966159710155233e-01,2.000002902720005249e+00,2.141989872755343094e+04
1.785000000000000000e+02,9.999976429647448040e-01,2.000002728855881262e+00,2.148004863692026629e+04
1.790000000000000000e+02,9.999921240483604645e-01,2.000002556446350166e+00,2.154019859766463924e+04
1.795000000000000000e+02,9.999988494351346180e-01,2.000002385475205369e+00,2.160034860935555116e+04
1.800000000000000000e+02,9.999952337273694258e-01,2.000002215926516058e+00,2.166049867156680921e+04
1.805000000000000000e+02,9.999987664913108087e-01,2.000002047784523729e+00,2.172064878387700446e+04
1.810000000000000000e+02,9.999897140942124452e-01,2.000001881033737217e+00,2.178079894586934461e+04
1.815000000000000000e+02,9.999983747797538403e-01,2.000001715658823453e+00,2.184094915713169394e+04
1.820000000000000000e+02,9.999942626244253674e-01,2.000001551644718045e+00,2.190109941725646058e+04
1.825000000000000000e+02,9.999989732022420696e-01,2.000001388976503591e+00,2.196124972584053103e+04
1.830000000000000000e+02,9.999884504597617019e-01,2.000001227639520263e+00,2.202140008248521190e+04
1.835000000000000000e+02,9.999977990911423920e-01,2.000001067619258777e+00,2.208155048679620086e+04
1.840000000000000000e+02,9.999943113534504047e-01,2.000000908901453656e+00,2.214170093838346293e+04
1.845000000000000000e+02,9.999988305556264390e-01,2.000000751471995297e+00,2.220185143686123774e+04
1.850000000000000000e+02,9.999890570664442535e-01,2.000000595316981045e+00,2.226200198184793771e+04
1.855000000000000000e+02,9.999973816092513346e-01,2.000000440422693870e+00,2.232215257296614436e+04
1.860000000000000000e+02,9.999954518165832251e-01,2.000000286775598379e+00,2.238230320984245918e+04
1.865000000000000000e+02,9.999986266038117799e-01,2.000000134362342585e+00,2.244245389210752910e+04
1.870000000000000000e+02,9.999913591237314936e-01,1.999999983169747253e+00,2.250260461939599190e+04
1.875000000000000000e+02,9.999968501414386868e-01,1.999999833184820108e+00,2.256275539134636347e+04
1.880000000000000000e+02,9.999971146536200672e-01,1.999999684394730748e+00,2.262290620760105594e+04
1.885000000000000000e+02,9.999982359826514733e-01,1.999999536786825294e+00,2.268305706780625042e+04
1.890000000000000000e+02,9.999943931913317652e-01,1.999999390348607520e+00,2.274320797161192968e+04
1.895000000000000000e+02,9.999956828474513282e-01,1.999999245067754616e+00,2.280335891867175815e+04
1.900000000000000000e+02,9.999984649405044834e-01,1.999999100932104090e+00,2.286350990864307823e+04
1.905000000000000000e+02,9.999974074745271446e-01,1.999998957929650878e+00,2.292366094118683759e+04
1.910000000000000000e+02,9.999970118864845992e-01,1.999998816048548234e+00,2.298381201596752726e+04
1.915000000000000000e+02,9.999936729803462487e-01,1.999998675277102844e+00,2.304396313265321078e+04
1.920000000000000000e+02,9.999989696181451615e-01,1.999998535603774164e+00,2.310411429091537138e+04
1.925000000000000000e+02,9.999961883203178914e-01,1.999998397017169083e+00,2.316426549042894112e+04
1.930000000000000000e+02,9.999985438554268580e-01,1.999998259506051923e+00,2.322441673087224990e+04
1.935000000000000000e+02,9.999912954419748479e-01,1.999998123059307131e+00,2.328456801192692728e+04
1.940000000000000000e+02,9.999986969539875759e-01,1.999997987665999677e+00,2.334471933327792431e+04
1.945000000000000000e+02,9.999950632935732386e-01,1.999997853315293339e+00,2.340487069461344072e+04
1.950000000000000000e+02,9.999990407340172416e-01,1.999997719996525536e+00,2.346502209562489952e+04
1.955000000000000000e+02,9.999895446665384435e-01,1.999997587699151147e+00,2.352517353600687056e+04
1.960000000000000000e+02,9.999981337507815038e-01,1.999997456412764940e+00,2.358532501545707055e+04
1.965000000000000000e+02,9.999946750263128958e-01,1.999997326127089581e+00,2.364547653367627936e+04
1.970000000000000000e+02,9.999989944632068362e-01,1.999997196831982738e+00,2.370562809036835824e+04
1.975000000000000000e+02,9.999893321253423562e-01,1.999997068517430865e+00,2.376577968524015523e+04
1.980000000000000000e+02,9.999976845102755973e-01,1.999996941173535214e+00,2.382593131800150513e+04
1.985000000000000000e+02,9.999953318863795682e-01,1.999996814790540478e+00,2.388608298836519316e+04
1.990000000000000000e+02,9.999988256361437289e-01,1.999996689358800372e+00,2.394623469604685306e+04
1.995000000000000000e+02,9.999908754000162991e-01,1.999996564868798954e+00,2.400638644076502169e+04
2.000000000000000000e+02,9.999972943378733214e-01,1.999996441311116424e+00,2.406653822224105534e+04
2.005000000000000000e+02,9.999967400867466605e-01,1.999996318676487528e+00,2.412669004019908607e+04
2.010000000000000000e+02,9.999985741028604158e-01,1.999996196955720729e+00,2.418684189436602173e+04
2.015000000000000000e+02,9.999935464909800453e-01,1.999996076139778367e+00,2.424699378447145864e+04
2.020000000000000000e+02,9.999965121681986258e-01,1.999995956219695392e+00,2.430714571024772522e+04
2.025000000000000000e+02,9.999981710121776945e-01,1.999995837186657299e+00,2.436729767142976198e+04
2.030000000000000000e+02,9.999980052173939038e-01,1.999995719031916863e+00,2.442744966775515422e+04
2.035000000000000000e+02,9.999962671187281327e-01,1.999995601746875407e+00,2.448760169896407388e+04
2.040000000000000000e+02,9.999949560825868167e-01,1.999995485322998201e+00,2.454775376479923943e+04
2.045000000000000000e+02,9.999989634851015330e-01,1.999995369751895735e+00,2.460790586500589052e+04
2.050000000000000000e+02,9.999970094292940370e-01,1.999995255025240004e+00,2.466805799933180606e+04
2.055000000000000000e+02,9.999981641445311320e-01,1.999995141134844889e+00,2.472821016752715877e+04
2.060000000000000000e+02,9.999927840454242434e-01,1.999995028072582448e+00,2.478836236934460976e+04
2.065000000000000000e+02,9.999989462465409540e-01,1.999994915830464182e+00,2.484851460453918844e+04
2.070000000000000000e+02,9.999958704495697237e-01,1.999994804400556880e+00,2.490866687286834349e+04
2.075000000000000000e+02,9.999990025582153885e-01,1.999994693775063448e+00,2.496881917409182643e+04
2.080000000000000000e+02,9.999907717277828345e-01,1.999994583946239857e+00,2.502897150797171707e+04
2.085000000000000000e+02,9.999984581307636011e-01,1.999994474906475084e+00,2.508912387427241629e+04
2.090000000000000000e+02,9.999951678816559886e-01,1.999994366648209621e+00,2.514927627276054409e+04
2.095000000000000000e+02,9.999991186950355493e-01,1.999994259164012078e+00,2.520942870320498332e+04
2.100000000000000000e+02,9.999898852746664790e-01,1.999994152446503470e+00,2.526958116537680689e+04
2.105000000000000000e+02,9.999979660134814541e-01,1.999994046488421162e+00,2.532973365904931052e+04
2.110000000000000000e+02,9.999953681527273819e-01,1.999993941282573573e+00,2.538988618399789266e+04
2.115000000000000000e+02,9.999989871331573799e-01,1.999993836821857052e+00,2.545003874000010546e+04
2.120000000000000000e+02,9.999906529753378459e-01,1.999993733099251880e+00,2.551019132683562566e+04
2.125000000000000000e+02,9.999976160064261155e-01,1.999993630107820941e+00,2.557034394428617816e+04
2.130000000000000000e+02,9.999964369679148479e-01,1.999993527840707941e+00,2.563049659213557607e+04
2.135000000000000000e+02,9.999988078991505214e-01,1.999993426291137411e+00,2.569064927016963338e+04
2.140000000000000000e+02,9.999928116960010716e-01,1.999993325452412485e+00,2.575080197817621229e+04
2.145000000000000000e+02,9.999971015149714537e-01,1.999993225317913570e+00,2.581095471594510309e+04
2.150000000000000000e+02,9.999978260887670833e-01,1.999993125881099676e+00,2.587110748326811881e+04
2.155000000000000000e+02,9.999984379769367715e-01,1.999993027135509083e+00,2.593126027993897151e+04
2.160000000000000000e+02,9.999954625768318062e-01,1.999992929074737136e+00,2.599141310575330499e+04
2.165000000000000000e+02,9.999959706680765503e-01,1.999992831692482875e+00,2.605156596050865119e+04
2.170000000000000000e+02,9.999988389056765348e-01,1.999992734982486864e+00,2.611171884400441922e+04
2.175000000000000000e+02,9.999976814561144511e-01,1.999992638938585809e+00,2.617187175604185541e+04
2.180000000000000000e+02,9.999976373449467326e-01,1.999992543554666824e+00,2.623202469642405413e+04
2.185000000000000000e+02,9.999941197800238379e-01,1.999992448824711611e+00,2.629217766495591422e+04
2.190000000000000000e+02,9.999991001279335823e-01,1.999992354742739176e+00,2.635233066144409895e+04
2.195000000000000000e+02,9.999966341118564639e-01,1.999992261302869556e+00,2.641248368569709419e+04
2.200000000000000000e+02,9.999988391404001087e-01,1.999992168499259204e+00,2.647263673752505565e+04
2.205000000000000000e+02,9.999920524833815216e-01,1.999992076326154944e+00,2.653278981673992530e+04
2.210000000000000000e+02,9.999987551955609177e-01,1.999991984777850007e+00,2.659294292315534767e+04
2.215000000000000000e+02,9.999957499034124453e-01,1.999991893848716673e+00,2.665309605658661530e+04
2.220000000000000000e+02,9.999991850808424010e-01,1.999991803533182289e+00,2.671324921685073059e+04
2.225000000000000000e+02,9.999906680185997043e-01,1.999991713825738371e+00,2.677340240376632210e+04
2.230000000000000000e+02,9.999982467621176818e-01,1.999991624720938388e+00,2.683355561715368094e+04
2.235000000000000000e+02,9.999955540014815458e-01,1.999991536213395538e+00,2.689370885683467714e+04
2.240000000000000000e+02,9.999991224401607592e-01,1.999991448297786079e+00,2.695386212263277048e+04
2.245000000000000000e+02,9.999907066709161629e-01,1.999991360968843113e+00,2.701401541437304695e+04
2.250000000000000000e+02,9.999978735387266005e-01,1.999991274221357251e+00,2.707416873188211684e+04
2.255000000000000000e+02,9.999962401414359547e-01,1.999991188050180613e+00,2.713432207498811476e+04
2.260000000000000000e+02,9.999989772044560743e-01,1.999991102450218383e+00,2.719447544352075784e+04
2.265000000000000000e+02,9.999922506458716054e-01,1.999991017416431260e+00,2.725462883731122201e+04
2.270000000000000000e+02,9.999975121683359891e-01,1.999990932943840782e+00,2.731478225619219302e+04
2.275000000000000000e+02,9.999974767405601650e-01,1.999990849027517337e+00,2.737493569999782994e+04
2.280000000000000000e+02,9.999987391429527861e-01,1.999990765662588377e+00,2.743508916856374344e+04
2.285000000000000000e+02,9.999946623887193686e-01,1.999990682844233536e+00,2.749524266172700663e+04
2.290000000000000000e+02,9.999967379325237493e-01,1.999990600567684851e+00,2.755539617932610054e+04
2.295000000000000000e+02,9.999986179616943138e-01,1.999990518828228314e+00,2.761554972120092862e+04
2.300000000000000000e+02,9.999982049883812119e-01,1.999990437621198325e+00,2.767570328719279860e+04
2.305000000000000000e+02,9.999969924046308023e-01,1.999990356941984571e+00,2.773585687714437881e+04
2.310000000000000000e+02,9.999952613169427185e-01,1.999990276786013377e+00,2.779601049089970547e+04
2.315000000000000000e+02,9.999991476499199283e-01,1.999990197148783011e+00,2.785616412830419722e+04
2.320000000000000000e+02,9.999973172544752709e-01,1.999990118025817276e+00,2.791631778920455326e+04
2.325000000000000000e+02,9.999985372602842038e-01,1.999990039412697485e+00,2.797647147344886980e+04
2.330000000000000000e+02,9.999933088424196592e-01,1.999989961305060238e+00,2.803662518088646539e+04
2.335000000000000000e+02,9.999990016693940387e-01,1.999989883698576554e+00,2.809677891136803009e+04
2.340000000000000000e+02,9.999963711250204890e-01,1.999989806588973407e+00,2.815693266474547636e+04
2.345000000000000000e+02,9.999991711498215086e-01,1.999989729972007080e+00,2.821708644087203720e+04
2.350000000000000000e+02,9.999916194333771102e-01,1.999989653843504245e+00,2.827724023960213162e+04
2.355000000000000000e+02,9.999985274455494011e-01,1.999989578199307561e+00,2.833739406079148102e+04
2.360000000000000000e+02,9.999958730278674102e-01,1.999989503035331850e+00,2.839754790429698915e+04
2.365000000000000000e+02,9.999992297227124904e-01,1.999989428347507259e+00,2.845770176997679664e+04
2.370000000000000000e+02,9.999910254610888671e-01,1.999989354131830988e+00,2.851785565769026289e+04
2.375000000000000000e+02,9.999981090074221424e-01,1.999989280384327994e+00,2.857800956729788959e+04
2.380000000000000000e+02,9.999961735523827944e-01,1.999989207101072308e+00,2.863816349866137534e+04
2.385000000000000000e+02,9.999991117009756625e-01,1.999989134278166381e+00,2.869831745164358290e+04
2.390000000000000000e+02,9.999919078441076303e-01,1.999989061911774835e+00,2.875847142610852097e+04
2.395000000000000000e+02,9.999978052654284744e-01,1.999988989998077837e+00,2.881862542192136607e+04
2.400000000000000000e+02,9.999971667305957990e-01,1.999988918533319282e+00,2.887877943894834971e+04
2.405000000000000000e+02,9.999989480228134164e-01,1.999988847513758827e+00,2.893893347705690758e+04
2.410000000000000000e+02,9.999939331494390737e-01,1.999988776935717860e+00,2.899908753611553402e+04
2.415000000000000000e+02,9.999972950081362777e-01,1.999988706795532867e+00,2.905924161599378567e+04
2.420000000000000000e+02,9.999983315959741770e-01,1.999988637089600729e+00,2.911939571656235785e+04
2.425000000000000000e+02,9.999985924047276598e-01,1.999988567814333651e+00,2.917954983769298997e+04
2.430000000000000000e+02,9.999962707255611871e-01,1.999988498966200678e+00,2.923970397925846919e+04
2.435000000000000000e+02,9.999961914449742029e-01,1.999988430541688178e+00,2.929985814113265587e+04
2.440000000000000000e+02,9.999990854627979209e-01,1.999988362537338915e+00,2.936001232319039991e+04
2.445000000000000000e+02,9.999978963303615132e-01,1.999988294949709422e+00,2.942016652530763895e+04
2.450000000000000000e+02,9.999980985027008273e-01,1.999988227775410854e+00,2.948032074736127106e+04
2.455000000000000000e+02,9.999944754677919656e-01,1.999988161011071464e+00,2.954047498922925297e+04
2.460000000000000000e+02,9.999991756859160086e-01,1.999988094653371018e+00,2.960062925079051274e+04
2.465000000000000000e+02,9.999969897915873540e-01,1.999988028699004383e+00,2.966078353192492432e+04
2.470000000000000000e+02,9.999990515622876330e-01,1.999987963144720604e+00,2.972093783251338755e+04
2.475000000000000000e+02,9.999926664970656409e-01,1.999987897987278940e+00,2.978109215243775907e+04
2.480000000000000000e+02,9.999987969263992582e-01,1.999987833223491940e+00,2.984124649158083776e+04
2.485000000000000000e+02,9.999962940017201873e-01,1.999987768850189918e+00,2.990140084982636472e+04
2.490000000000000000e+02,9.999992935093665603e-01,1.999987704864242932e+00,2.996155522705904150e+04
2.495000000000000000e+02,9.999915798019370916e-01,1.999987641262546134e+00,3.002170962316447549e+04
2.500000000000000000e+02,9.999983449924710888e-01,1.999987578042034198e+00,3.008186403802920540e+04
2.505000000000000000e+02,9.999962419551815529e-01,1.999987515199661336e+00,3.014201847154064671e+04
2.510000000000000000e+02,9.999992244843982636e-01,1.999987452732423510e+00,3.020217292358713530e+04
2.515000000000000000e+02,9.999918088917288950e-01,1.999987390637336881e+00,3.026232739405793836e+04
2.520000000000000000e+02,9.999980314607119780e-01,1.999987328911452700e+00,3.032248188284311618e+04
2.525000000000000000e+02,9.999969344235932756e-01,1.999987267551849746e+00,3.038263638983369674e+04
2.530000000000000000e+02,9.999990964277195582e-01,1.999987206555636110e+00,3.044279091492147927e+04
2.535000000000000000e+02,9.999933361958440736e-01,1.999987145919948084e+00,3.050294545799918706e+04
2.540000000000000000e+02,9.999976843985157737e-01,1.999987085641950602e+00,3.056310001896038011e+04
2.545000000000000000e+02,9.999980195326638732e-01,1.999987025718833022e+00,3.062325459769942245e+04
2.550000000000000000e+02,9.999988664801412463e-01,1.999986966147819789e+00,3.068340919411155846e+04
2.555000000000000000e+02,9.999955282605961226e-01,1.999986906926151553e+00,3.074356380809278926e+04
2.560000000000000000e+02,9.999969102533242671e-01,1.999986848051110711e+00,3.080371843953998905e+04
2.565000000000000000e+02,9.999989281277908981e-01,1.999986789519988539e+00,3.086387308835082877e+04
2.570000000000000000e+02,9.999983601688386958e-01,1.999986731330119616e+00,3.092402775442375423e+04
2.575000000000000000e+02,9.999975419789416398e-01,1.999986673478848731e+00,3.098418243765800435e+04
2.580000000000000000e+02,9.999955037176373462e-01,1.999986615963560421e+00,3.104433713795361837e+04
2.585000000000000000e+02,9.999992617225827995e-01,1.999986558781654988e+00,3.110449185521141044e+04
2.590000000000000000e+02,9.999975649396845023e-01,1.999986501930561378e+00,3.116464658933294777e+04
2.595000000000000000e+02,9.999988121829458398e-01,1.999986445407732738e+00,3.122480134022056154e+04
2.600000000000000000e+02,9.999937363399424850e-01,1.999986389210647086e+00,3.128495610777735783e+04
2.605000000000000000e+02,9.999990358949336633e-01,1.999986333336805755e+00,3.134511089190713028e+04
2.610000000000000000e+02,9.999967764479139598e-01,1.999986277783734501e+00,3.140526569251449109e+04
2.615000000000000000e+02,9.999992952975679250e-01,1.999986222548983061e+00,3.146542050950474004e+04
2.620000000000000000e+02,9.999923160873762651e-01,1.999986167630124267e+00,3.152557534278388266e+04
2.625000000000000000e+02,9.999985877441515125e-01,1.999986113024754264e+00,3.158573019225866665e+04
2.630000000000000000e+02,9.999964376291563539e-01,1.999986058730490956e+00,3.164588505783656728e+04
2.635000000000000000e+02,9.999993163311780009e-01,1.999986004744976231e+00,3.170603993942574380e+04
2.640000000000000000e+02,9.999919580330211000e-01,1.999985951065872847e+00,3.176619483693502843e+04
2.645000000000000000e+02,9.999982324300724645e-01,1.999985897690868653e+00,3.182634975027400651e+04
2.650000000000000000e+02,9.999968054808114903e-01,1.999985844617665265e+00,3.188650467935288907e+04
2.655000000000000000e+02,9.999992108028727955e-01,1.999985791843997385e+00,3.194665962408257838e+04
2.660000000000000000e+02,9.999929194773635732e-01,1.999985739367613924e+00,3.200681458437467518e+04
2.665000000000000000e+02,9.999979588445107037e-01,1.999985687186287775e+00,3.206696956014143871e+04
2.670000000000000000e+02,9.999977220995204252e-01,1.999985635297804931e+00,3.212712455129573573e+04
2.675000000000000000e+02,9.999990575543046267e-01,1.999985583699984693e+00,3.218727955775114970e+04
2.680000000000000000e+02,9.999948239626647029e-01,1.999985532390658127e+00,3.224743457942187160e+04
2.685000000000000000e+02,9.999974422102499982e-01,1.999985481367680284e+00,3.230758961622276547e+04
2.690000000000000000e+02,9.999986986721387527e-01,1.999985430628918870e+00,3.236774466806930650e+04
2.695000000000000000e+02,9.999987121163058656e-01,1.999985380172274674e+00,3.242789973487759198e+04
2.700000000000000000e+02,9.999968988336844777e-01,1.999985329995652039e+00,3.248805481656436677e+04
2.705000000000000000e+02,9.999963610789620594e-01,1.999985280096991058e+00,3.254820991304696872e+04
2.710000000000000000e+02,9.999992501533695455e-01,1.999985230474234266e+00,3.260836502424335413e+04
2.715000000000000000e+02,9.999980680607107875e-01,1.999985181125359501e+00,3.266852015007211958e+04
2.720000000000000000e+02,9.999984477320975618e-01,1.999985132048346825e+00,3.272867529045237825e+04
2.725000000000000000e+02,9.999947644129226765e-01,1.999985083241211381e+00,3.278883044530393090e+04
2.730000000000000000e+02,9.999992193949631680e-01,1.999985034701969644e+00,3.284898561454712762e+04
2.735000000000000000e+02,9.999972805687826760e-01,1.999984986428673173e+00,3.290914079810286785e+04
2.740000000000000000e+02,9.999992099414608537e-01,1.999984938419374414e+00,3.296929599589268764e+04
2.745000000000000000e+02,9.999931768541804322e-01,1.999984890672157789e+00,3.302945120783867605e+04
2.750000000000000000e+02,9.999988312035578142e-01,1.999984843185117489e+00,3.308960643386347510e+04
2.755000000000000000e+02,9.999967371740338118e-01,1.999984795956366801e+00,3.314976167389029433e+04
2.760000000000000000e+02,9.999993774098211441e-01,1.999984748984036109e+00,3.320991692784291081e+04
2.765000000000000000e+02,9.999923349824617613e-01,1.999984702266272008e+00,3.327007219564565457e+04
2.770000000000000000e+02,9.999984326777147103e-01,1.999984655801237965e+00,3.333022747722340137e+04
2.775000000000000000e+02,9.999967939023403085e-01,1.999984609587117435e+00,3.339038277250153624e+04
2.780000000000000000e+02,9.999993070872191803e-01,1.999984563622101197e+00,3.345053808140605543e+04
2.785000000000000000e+02,9.999927154278320796e-01,1.999984517904409342e+00,3.351069340386341355e+04
2.790000000000000000e+02,9.999981643925630603e-01,1.999984472432263516e+00,3.357084873980065458e+04
2.795000000000000000e+02,9.999974761317540484e-01,1.999984427203915116e+00,3.363100408914528089e+04
2.800000000000000000e+02,9.999991915862945779e-01,1.999984382217618650e+00,3.369115945182534779e+04
2.805000000000000000e+02,9.999942157605687942e-01,1.999984337471655715e+00,3.375131482776946359e+04
2.810000000000000000e+02,9.999978207671288422e-01,1.999984292964311017e+00,3.381147021690668043e+04
2.815000000000000000e+02,9.999984276893701951e-01,1.999984248693898570e+00,3.387162561916657432e+04
2.820000000000000000e+02,9.999989666734905303e-01,1.999984204658731946e+00,3.393178103447925969e+04
2.825000000000000000e+02,9.999962154983530471e-01,1.999984160857154247e+00,3.399193646277527296e+04
2.830000000000000000e+02,9.999970436757683601e-01,1.999984117287513241e+00,3.405209190398573264e+04
2.835000000000000000e+02,9.999991466418179931e-01,1.999984073948170682e+00,3.411224735804217926e+04
2.840000000000000000e+02,9.999984833994670641e-01,1.999984030837510529e+00,3.417240282487664081e+04
2.845000000000000000e+02,9.999979677390664623e-01,1.999983987953930287e+00,3.423255830442164734e+04
2.850000000000000000e+02,9.999956956215798609e-01,1.999983945295830567e+00,3.429271379661020183e+04
2.855000000000000000e+02,9.999993308581203166e-01,1.999983902861634188e+00,3.435286930137575109e+04
2.860000000000000000e+02,9.999977681054268430e-01,1.999983860649782175e+00,3.441302481865227310e+04
2.865000000000000000e+02,9.999990199689474668e-01,1.999983818658723989e+00,3.447318034837410960e+04
2.870000000000000000e+02,9.999940936629876376e-01,1.999983776886916642e+00,3.453333589047613350e+04
2.875000000000000000e+02,9.999990561563338876e-01,1.999983735332836243e+00,3.459349144489363971e+04
2.880000000000000000e+02,9.999971115662530385e-01,1.999983693994979772e+00,3.465364701156240335e+04
2.885000000000000000e+02,9.999993896582719533e-01,1.999983652871847539e+00,3.471380259041861427e+04
2.890000000000000000e+02,9.999929031272296598e-01,1.999983611961949848e+00,3.477395818139892071e+04
2.895000000000000000e+02,9.999986429567131463e-01,1.999983571263815652e+00,3.483411378444040747e+04
2.900000000000000000e+02,9.999968990998239216e-01,1.999983530775991225e+00,3.489426939948058862e+04
2.905000000000000000e+02,9.999993864248301056e-01,1.999983490497027061e+00,3.495442502645742934e+04
2.910000000000000000e+02,9.999927377402416662e-01,1.999983450425492082e+00,3.501458066530928772e+04
2.915000000000000000e+02,9.999983397019400755e-01,1.999983410559956321e+00,3.507473631597495842e+04
2.920000000000000000e+02,9.999973106156113678e-01,1.999983370899017787e+00,3.513489197839367989e+04
2.925000000000000000e+02,9.999992922872124046e-01,1.999983331441278489e+00,3.519504765250506898e+04
2.930000000000000000e+02,9.999937549323345554e-01,1.999983292185351313e+00,3.525520333824919362e+04
2.935000000000000000e+02,9.999980851633424317e-01,1.999983253129858474e+00,3.531535903556651465e+04
2.940000000000000000e+02,9.999981526661894105e-01,1.999983214273441501e+00,3.537551474439787125e+04
2.945000000000000000e+02,9.999991447933206379e-01,1.999983175614751030e+00,3.543567046468453918e+04
2.950000000000000000e+02,9.999955456251958807e-01,1.999983137152446355e+00,3.549582619636820164e+04
2.955000000000000000e+02,9.999975569747976412e-01,1.999983098885199873e+00,3.555598193939090561e+04
2.960000000000000000e+02,9.999989684606941376e-01,1.999983060811693525e+00,3.561613769369509828e+04
2.965000000000000000e+02,9.999988071286732838e-01,1.999983022930623688e+00,3.567629345922361972e+04
2.970000000000000000e+02,9.999973974293455692e-01,1.999982985240694955e+00,3.573644923591973929e+04
2.975000000000000000e+02,9.999964951856907813e-01,1.999982947740624128e+00,3.579660502372700284e+04
2.980000000000000000e+02,9.999993591150800887e-01,1.999982910429133343e+00,3.585676082258944371e+04
2.985000000000000000e+02,9.999982096616365501e-01,1.999982873304966491e+00,3.591691663245141535e+04
2.990000000000000000e+02,9.999987170065403053e-01,1.999982836366871908e+00,3.597707245325765689e+04
2.995000000000000000e+02,9.999950025326377334e-01,1.999982799613602591e+00,3.603722828495326394e+04
3.000000000000000000e+02,9.999992428482942231e-01,1.999982763043933742e+00,3.609738412748373230e+04
3.005000000000000000e+02,9.999975236746984075e-01,1.999982726656638787e+00,3.615753998079488520e+04
