T,AGF,Avg_Leakage
1.000000000000000000e+00,6.634357497405170001e-01,9.986247925688607197e-02
1.500000000000000000e+00,2.438428536926344758e-01,2.171079084924081304e-01
2.000000000000000000e+00,1.984486533232751315e-01,2.128948852286530746e-01
2.500000000000000000e+00,6.930899814255974123e-01,1.927652370798482728e-01
3.000000000000000000e+00,9.304441583039254615e-01,6.346347377420236135e-02
3.500000000000000000e+00,9.156288076116914088e-01,7.419018147501987848e-02
4.000000000000000000e+00,7.828570226185103120e-01,1.485725830383474166e-01
4.500000000000000000e+00,9.281238967603409051e-01,6.332099650871214624e-02
5.000000000000000000e+00,9.762142518508500899e-01,2.344692154332972400e-02
5.500000000000000000e+00,9.784728634083281751e-01,2.109711236190892070e-02
6.000000000000000000e+00,9.619178437450353059e-01,3.595371157155091701e-02
6.500000000000000000e+00,9.909269051938472961e-01,8.942811441388309746e-03
7.000000000000000000e+00,9.990402976710131000e-01,9.591477540967785487e-04
7.500000000000000000e+00,9.995510777926940316e-01,4.487941050418386979e-04
8.000000000000000000e+00,9.982445616847316350e-01,1.750634110385340669e-03
8.500000000000000000e+00,9.957783699930171650e-01,4.195136350023886962e-03
9.000000000000000000e+00,9.984516214506626852e-01,1.546376607888366728e-03
9.500000000000000000e+00,9.991062350248085533e-01,8.933239894830524719e-04
1.000000000000000000e+01,9.992845932585041613e-01,7.144725394374606964e-04
1.050000000000000000e+01,9.999536558845598666e-01,4.634095091149426082e-05
1.100000000000000000e+01,9.999277699373742001e-01,7.222337415035973152e-05
1.150000000000000000e+01,9.999343713943025236e-01,6.562516395769435462e-05
1.200000000000000000e+01,9.999867394488942685e-01,1.326016172753519129e-05
1.250000000000000000e+01,9.996850436280423358e-01,3.148097936389593343e-04
1.300000000000000000e+01,9.997364418053408253e-01,2.634226947059170598e-04
1.350000000000000000e+01,9.998545043868022342e-01,1.454703819792069197e-04
1.400000000000000000e+01,9.999074079394603132e-01,9.257402970686001709e-05
1.450000000000000000e+01,9.999867786871072806e-01,1.322105446577293009e-05
1.500000000000000000e+01,9.998707313582475553e-01,1.292308669587072245e-04
1.550000000000000000e+01,9.999085395710395341e-01,9.145266622712089344e-05
1.600000000000000000e+01,9.999443639366120129e-01,5.563155388199625406e-05
1.650000000000000000e+01,9.999825124653767272e-01,1.748708359250450428e-05
1.700000000000000000e+01,9.998350823790355113e-01,1.648647308996054051e-04
1.750000000000000000e+01,9.998845441811002877e-01,1.154480657604706195e-04
1.800000000000000000e+01,9.999280966485104560e-01,7.189847364896806425e-05
1.850000000000000000e+01,9.999999633164755597e-01,3.668352244190486999e-08
1.900000000000000000e+01,9.998440393373160262e-01,1.559211601349641541e-04
1.950000000000000000e+01,9.998849796662432343e-01,1.150126405913276528e-04
2.000000000000000000e+01,9.999341858384684922e-01,6.581126115856594794e-05
2.050000000000000000e+01,9.999983467014341709e-01,1.653294369630131655e-06
2.100000000000000000e+01,9.998400141498577920e-01,1.599474698474878664e-04
2.150000000000000000e+01,9.998869331690485307e-01,1.130570321700163916e-04
2.200000000000000000e+01,9.999409541660657652e-01,5.904391722832968981e-05
2.250000000000000000e+01,9.999935060162318257e-01,6.493910559846050035e-06
2.300000000000000000e+01,9.998643547215608773e-01,1.356181579216242383e-04
2.350000000000000000e+01,9.999027332351875241e-01,9.725610794009131865e-05
2.400000000000000000e+01,9.999531327082653576e-01,4.686579049106853745e-05
2.450000000000000000e+01,9.999903880156129077e-01,9.611788973740154063e-06
2.500000000000000000e+01,9.998993821097001966e-01,1.006029458259227738e-04
2.550000000000000000e+01,9.999183823290509476e-01,8.160609284368902649e-05
2.600000000000000000e+01,9.999613385575620850e-01,3.865978459927088551e-05
2.650000000000000000e+01,9.999874730772365661e-01,1.252657310524263323e-05
2.700000000000000000e+01,9.999395178169097065e-01,6.047677357667868847e-05
2.750000000000000000e+01,9.999262597690966592e-01,7.372803852012665971e-05
2.800000000000000000e+01,9.999618232480530500e-01,3.817517162696404398e-05
2.850000000000000000e+01,9.999834425519595893e-01,1.655698365987667842e-05
2.900000000000000000e+01,9.999718520361312590e-01,2.814679456064617113e-05
2.950000000000000000e+01,9.999222433226530038e-01,7.774404047511396243e-05
3.000000000000000000e+01,9.999549878856027751e-01,4.501076981189289228e-05
3.050000000000000000e+01,9.999782044588638730e-01,2.179502013144318795e-05
3.100000000000000000e+01,9.999914067637570847e-01,8.593127390321697590e-06
3.150000000000000000e+01,9.999110666885501209e-01,8.891972521574142974e-05
3.200000000000000000e+01,9.999462182294081014e-01,5.378017450696770396e-05
3.250000000000000000e+01,9.999739988769256183e-01,2.600061466262459930e-05
3.300000000000000000e+01,9.999990903961867295e-01,9.096025702648447009e-07
3.350000000000000000e+01,9.999020238219504808e-01,9.796150001539771779e-05
3.400000000000000000e+01,9.999415496503873957e-01,5.844802731647114058e-05
3.450000000000000000e+01,9.999730942510451914e-01,2.690533191473942765e-05
3.500000000000000000e+01,9.999997725637754797e-01,2.274361401433111496e-07
3.550000000000000000e+01,9.999034788705853938e-01,9.650735980770708267e-05
3.600000000000000000e+01,9.999435611520869349e-01,5.643579416647614977e-05
3.650000000000000000e+01,9.999755971695680756e-01,2.440248052226756670e-05
3.700000000000000000e+01,9.999980870664403332e-01,1.912926383740298775e-06
3.750000000000000000e+01,9.999179401513303977e-01,8.204992063709504180e-05
3.800000000000000000e+01,9.999496457496187540e-01,5.035051509760801736e-05
3.850000000000000000e+01,9.999789127816895995e-01,2.108680139678575927e-05
3.900000000000000000e+01,9.999961301735792452e-01,3.869792545962980057e-06
3.950000000000000000e+01,9.999413040314866219e-01,5.869087517040849633e-05
4.000000000000000000e+01,9.999540820126313623e-01,4.591354894856181090e-05
4.050000000000000000e+01,9.999795772624089363e-01,2.042224049325636059e-05
4.100000000000000000e+01,9.999937719624693022e-01,6.227961598881393002e-06
4.150000000000000000e+01,9.999658833382308876e-01,3.411494175620255476e-05
4.200000000000000000e+01,9.999522293814255836e-01,4.776555229257795077e-05
4.250000000000000000e+01,9.999759219337882588e-01,2.407759393285857641e-05
4.300000000000000000e+01,9.999905291795055939e-01,9.470703117964163198e-06
4.350000000000000000e+01,9.999849493729072725e-01,1.505029329940121841e-05
4.400000000000000000e+01,9.999439552706531620e-01,5.603890602146055500e-05
4.450000000000000000e+01,9.999694534474397045e-01,3.054603337959704845e-05
4.500000000000000000e+01,9.999870053121583391e-01,1.299454157854817993e-05
4.550000000000000000e+01,9.999957627669013860e-01,4.237206453261421757e-06
4.600000000000000000e+01,9.999339240206289725e-01,6.606906672401713365e-05
4.650000000000000000e+01,9.999638083613703321e-01,3.619084057426835699e-05
4.700000000000000000e+01,9.999847008963461681e-01,1.529895579333029332e-05
4.750000000000000000e+01,9.999996533857753445e-01,3.466140371388704011e-07
4.800000000000000000e+01,9.999287052353095229e-01,7.128719379900783082e-05
4.850000000000000000e+01,9.999620123359388435e-01,3.798647775843377872e-05
4.900000000000000000e+01,9.999846063628883286e-01,1.539350692292273948e-05
4.950000000000000000e+01,9.999998020405286292e-01,1.979594004275497809e-07
5.000000000000000000e+01,9.999327433808697929e-01,6.724995305218417485e-05
5.050000000000000000e+01,9.999641372479899371e-01,3.586117391951582078e-05
5.100000000000000000e+01,9.999860309884607279e-01,1.396886450621970255e-05
5.150000000000000000e+01,9.999987526284670469e-01,1.247368140777638246e-06
5.200000000000000000e+01,9.999458536504113315e-01,5.414201934539342176e-05
5.250000000000000000e+01,9.999671297920972313e-01,3.286819317116496109e-05
5.300000000000000000e+01,9.999868738898550768e-01,1.312590933277846261e-05
5.350000000000000000e+01,9.999973508884227869e-01,2.649096355389346513e-06
5.400000000000000000e+01,9.999636830299435397e-01,3.631501989720398171e-05
5.450000000000000000e+01,9.999669985225356772e-01,3.299901172482133660e-05
5.500000000000000000e+01,9.999851985347983918e-01,1.480124461572529526e-05
5.550000000000000000e+01,9.999953823583036527e-01,4.617608180934595907e-06
5.600000000000000000e+01,9.999805037235279803e-01,1.949571582060549702e-05
5.650000000000000000e+01,9.999618035869252131e-01,3.819346633582298978e-05
5.700000000000000000e+01,9.999808667984149135e-01,1.913297564892779690e-05
5.750000000000000000e+01,9.999928432736713280e-01,7.156674139863206108e-06
5.800000000000000000e+01,9.999922996852997903e-01,7.700227222628974744e-06
5.850000000000000000e+01,9.999532842796732268e-01,4.671207422646261875e-05
5.900000000000000000e+01,9.999758108583872707e-01,2.418881270549455564e-05
5.950000000000000000e+01,9.999905250907964449e-01,9.474845273471643736e-06
6.000000000000000000e+01,9.999982330698873323e-01,1.766925383339668088e-06
6.050000000000000000e+01,9.999460012262597619e-01,5.399435924213769056e-05
6.100000000000000000e+01,9.999726374134489948e-01,2.736205098052835183e-05
6.150000000000000000e+01,9.999894454254547593e-01,1.055451204756696626e-05
6.200000000000000000e+01,9.999999511750111703e-01,4.882498472191798555e-08
6.250000000000000000e+01,9.999445713160236560e-01,5.542415022863345087e-05
6.300000000000000000e+01,9.999725822294379673e-01,2.741699980868261832e-05
6.350000000000000000e+01,9.999898011386296748e-01,1.019879683950009053e-05
6.400000000000000000e+01,9.999997143111004627e-01,2.856887335589419763e-07
6.450000000000000000e+01,9.999509034921387762e-01,4.909295227928378580e-05
6.500000000000000000e+01,9.999744125608429623e-01,2.558640393490740905e-05
6.550000000000000000e+01,9.999905172956775612e-01,9.482613232858483343e-06
6.600000000000000000e+01,9.999988794019951666e-01,1.120595162218407381e-06
6.650000000000000000e+01,9.999632207861713917e-01,3.677721367756348059e-05
6.700000000000000000e+01,9.999751831585831363e-01,2.481550221355988128e-05
6.750000000000000000e+01,9.999899646291975364e-01,1.003525373566294121e-05
6.800000000000000000e+01,9.999976615830693527e-01,2.338406784208046929e-06
6.850000000000000000e+01,9.999773227482560145e-01,2.267649214926503731e-05
6.900000000000000000e+01,9.999723888984377584e-01,2.760944252544472732e-05
6.950000000000000000e+01,9.999872794481271532e-01,1.272043073785589229e-05
7.000000000000000000e+01,9.999959163833398446e-01,4.083596312765003233e-06
7.050000000000000000e+01,9.999890580222142722e-01,1.094180136240741064e-05
7.100000000000000000e+01,9.999659475070791226e-01,3.405040884096877107e-05
7.150000000000000000e+01,9.999832081969918240e-01,1.679164815082678786e-05
7.200000000000000000e+01,9.999939447254352354e-01,6.055244537894743928e-06
7.250000000000000000e+01,9.999963150356225849e-01,3.684944149262570079e-06
7.300000000000000000e+01,9.999585968468995834e-01,4.140047974132698982e-05
7.350000000000000000e+01,9.999796724049166974e-01,2.032733336954084535e-05
7.400000000000000000e+01,9.999925188209772831e-01,7.481144995491462169e-06
7.450000000000000000e+01,9.999994088130671477e-01,5.911863777408044029e-07
7.500000000000000000e+01,9.999543447486034520e-01,4.565215812757372760e-05
7.550000000000000000e+01,9.999783006949330977e-01,2.169889588610196540e-05
7.600000000000000000e+01,9.999921911899273264e-01,7.808776109063941817e-06
7.650000000000000000e+01,9.999999955327721901e-01,4.467227809890061963e-09
7.700000000000000000e+01,9.999560766623197816e-01,4.392049449630786029e-05
7.750000000000000000e+01,9.999790598314012291e-01,2.093959281324053734e-05
7.800000000000000000e+01,9.999926111864085865e-01,7.388768975435944242e-06
7.850000000000000000e+01,9.999995975679191185e-01,4.024317208362049314e-07
7.900000000000000000e+01,9.999638742318179840e-01,3.612383961337783944e-05
7.950000000000000000e+01,9.999800847747255528e-01,1.991444748594695113e-05
8.000000000000000000e+01,9.999926168089319223e-01,7.383126072180168364e-06
8.050000000000000000e+01,9.999988330803939451e-01,1.166916738015721933e-06
8.100000000000000000e+01,9.999751145406721164e-01,2.488454369808934530e-05
8.150000000000000000e+01,9.999789527695114311e-01,2.104622824972146589e-05
8.200000000000000000e+01,9.999911203394862280e-01,8.879586612442480487e-06
8.250000000000000000e+01,9.999976634865914704e-01,2.336505368183416920e-06
8.300000000000000000e+01,9.999861200729125432e-01,1.387964300492150471e-05
8.350000000000000000e+01,9.999745345995603163e-01,2.546413008386316790e-05
8.400000000000000000e+01,9.999880875800257751e-01,1.191233654096457428e-05
8.450000000000000000e+01,9.999961162128598868e-01,3.883772659252215931e-06
8.500000000000000000e+01,9.999941411691140036e-01,5.858780157463883143e-06
8.550000000000000000e+01,9.999680570221954889e-01,3.194130914019321921e-05
8.600000000000000000e+01,9.999847152967340502e-01,1.528456879995587769e-05
8.650000000000000000e+01,9.999946652963215277e-01,5.334684295199565440e-06
8.700000000000000000e+01,9.999984223470737010e-01,1.577649121342616922e-06
8.750000000000000000e+01,9.999625879532111350e-01,3.740994256884455638e-05
8.800000000000000000e+01,9.999825907038371042e-01,1.740906891156690506e-05
8.850000000000000000e+01,9.999939201919776366e-01,6.079787609025721906e-06
8.900000000000000000e+01,9.999998769816000888e-01,1.230183739320267478e-07
8.950000000000000000e+01,9.999612504569430627e-01,3.874732866693264555e-05
9.000000000000000000e+01,9.999824013581001259e-01,1.759830426162345418e-05
9.050000000000000000e+01,9.999939847599887965e-01,6.015216172938764316e-06
9.100000000000000000e+01,9.999999216592134754e-01,7.834077342394607513e-08
9.150000000000000000e+01,9.999653730867281709e-01,3.462514372809533114e-05
9.200000000000000000e+01,9.999832395848015087e-01,1.675994312155815180e-05
9.250000000000000000e+01,9.999941795598512595e-01,5.820403703449272825e-06
9.300000000000000000e+01,9.999994641760647784e-01,5.358232894048242656e-07
9.350000000000000000e+01,9.999737710017754244e-01,2.622798062223985482e-05
9.400000000000000000e+01,9.999831211289798016e-01,1.687823809271016273e-05
9.450000000000000000e+01,9.999934836692677687e-01,6.516283200697081668e-06
9.500000000000000000e+01,9.999986917307586154e-01,1.308266232347143898e-06
9.550000000000000000e+01,9.999835642294259141e-01,1.643537169415676402e-05
9.600000000000000000e+01,9.999804233209470539e-01,1.957586376977182852e-05
9.650000000000000000e+01,9.999913985714605769e-01,8.601377060601933522e-06
9.700000000000000000e+01,9.999975446779998389e-01,2.455315097016352865e-06
9.750000000000000000e+01,9.999918507151196456e-01,8.149186988326562187e-06
9.800000000000000000e+01,9.999752289141600192e-01,2.477001209544305027e-05
9.850000000000000000e+01,9.999884778223375736e-01,1.152210479993254211e-05
9.900000000000000000e+01,9.999962371998725175e-01,3.762789099415186911e-06
9.950000000000000000e+01,9.999970950552927729e-01,2.904932077107957866e-06
1.000000000000000000e+02,9.999695671882381509e-01,3.043138441305437425e-05
1.005000000000000000e+02,9.999860182845466960e-01,1.398158670040672291e-05
1.010000000000000000e+02,9.999952785110300946e-01,4.721475843849631815e-06
1.015000000000000000e+02,9.999994429013270292e-01,5.570981742586411656e-07
1.020000000000000000e+02,9.999663229157398359e-01,3.367540546139746738e-05
1.025000000000000000e+02,9.999850611098226594e-01,1.493868546054155644e-05
1.030000000000000000e+02,9.999950108823705275e-01,4.989103413843842816e-06
1.035000000000000000e+02,9.999999979679948803e-01,2.032005230745426161e-09
1.040000000000000000e+02,9.999675402623464660e-01,3.245818434749470072e-05
1.045000000000000000e+02,9.999854587361497460e-01,1.454096801156712360e-05
1.050000000000000000e+02,9.999951685795755996e-01,4.831399832427862862e-06
1.055000000000000000e+02,9.999998053694862943e-01,1.946304281075228459e-07
1.060000000000000000e+02,9.999732348945805649e-01,2.676404632950823981e-05
1.065000000000000000e+02,9.999858229014645383e-01,1.417668771597213606e-05
1.070000000000000000e+02,9.999949508593607428e-01,5.049110047172788995e-06
1.075000000000000000e+02,9.999993046296783428e-01,6.953693398870086639e-07
1.080000000000000000e+02,9.999814743544721551e-01,1.852513812106160174e-05
1.085000000000000000e+02,9.999844466795337894e-01,1.555277717624203859e-05
1.090000000000000000e+02,9.999936522726589061e-01,6.347692246055913756e-06
1.095000000000000000e+02,9.999984900523537501e-01,1.509944494215709199e-06
1.100000000000000000e+02,9.999895664687858954e-01,1.043337074835282152e-05
1.105000000000000000e+02,9.999806340223436063e-01,1.936526409007655047e-05
1.110000000000000000e+02,9.999913178968820038e-01,8.682060289477711024e-06
1.115000000000000000e+02,9.999974044885631130e-01,2.595505316227431081e-06
1.120000000000000000e+02,9.999955022114012104e-01,4.497758630650494638e-06
1.125000000000000000e+02,9.999754281816153334e-01,2.457084861351432892e-05
1.130000000000000000e+02,9.999888434592006936e-01,1.115646712013251829e-05
1.135000000000000000e+02,9.999963903280371103e-01,3.609663439263499640e-06
1.140000000000000000e+02,9.999987194208209695e-01,1.280576644058228908e-06
1.145000000000000000e+02,9.999711825379788976e-01,2.881622015660223468e-05
1.150000000000000000e+02,9.999873361587207077e-01,1.266371525354692551e-05
1.155000000000000000e+02,9.999958635614649705e-01,4.136429148093867525e-06
1.160000000000000000e+02,9.999998687131158581e-01,1.312868538327904844e-07
1.165000000000000000e+02,9.999702161218048113e-01,2.978257040153753366e-05
1.170000000000000000e+02,9.999871922435732419e-01,1.280756641786062744e-05
1.175000000000000000e+02,9.999958625394353984e-01,4.137448511132291173e-06
1.180000000000000000e+02,9.999999683139300100e-01,3.168606765857617802e-08
1.185000000000000000e+02,9.999734520034249119e-01,2.654695565618148123e-05
1.190000000000000000e+02,9.999876368344926547e-01,1.236289408024227043e-05
1.195000000000000000e+02,9.999958723678318284e-01,4.127612956983384151e-06
1.200000000000000000e+02,9.999996692810494414e-01,3.307187079748530323e-07
1.205000000000000000e+02,9.999799232891393164e-01,2.007611466714465109e-05
1.210000000000000000e+02,9.999871650665882461e-01,1.283456262357596245e-05
1.215000000000000000e+02,9.999951688319852483e-01,4.831143119998770885e-06
1.220000000000000000e+02,9.999991102804456355e-01,8.897182381950585750e-07
1.225000000000000000e+02,9.999874128705744658e-01,1.258689556338232762e-05
1.230000000000000000e+02,9.999846400153267201e-01,1.535949520337087648e-05
1.235000000000000000e+02,9.999934481249710405e-01,6.551847019142797990e-06
1.240000000000000000e+02,9.999982647139711300e-01,1.735282778581037633e-06
1.245000000000000000e+02,9.999937256436093325e-01,6.274298315900317391e-06
1.250000000000000000e+02,9.999802649549657252e-01,1.973437992175419708e-05
1.255000000000000000e+02,9.999911866185196008e-01,8.813338479907173451e-06
1.260000000000000000e+02,9.999973088809746002e-01,2.691113635377995195e-06
1.265000000000000000e+02,9.999977232695400620e-01,2.276722655736307388e-06
1.270000000000000000e+02,9.999757140601339689e-01,2.428503943607829285e-05
1.275000000000000000e+02,9.999893627069893487e-01,1.063721539473760913e-05
1.280000000000000000e+02,9.999966176058778800e-01,3.382387562034239181e-06
1.285000000000000000e+02,9.999995339796814431e-01,4.660199623973682037e-07
1.290000000000000000e+02,9.999732336478361905e-01,2.676529339340483205e-05
1.295000000000000000e+02,9.999886888819637942e-01,1.131099407780666866e-05
1.300000000000000000e+02,9.999964171797582901e-01,3.582812641123034325e-06
1.305000000000000000e+02,9.999999939533887883e-01,6.046610989685063942e-09
1.310000000000000000e+02,9.999743472560224111e-01,2.565177342206403921e-05
1.315000000000000000e+02,9.999889438022815380e-01,1.105601582995774379e-05
1.320000000000000000e+02,9.999964707664436014e-01,3.529221750397937285e-06
1.325000000000000000e+02,9.999998793901054839e-01,1.206098616535200563e-07
1.330000000000000000e+02,9.999789636008600269e-01,2.103574470324609536e-05
1.335000000000000000e+02,9.999889890741989751e-01,1.101066940656370008e-05
1.340000000000000000e+02,9.999961673674642171e-01,3.832615050325394179e-06
1.345000000000000000e+02,9.999995098624460121e-01,4.901370861398746115e-07
1.350000000000000000e+02,9.999855072666814504e-01,1.449242291529095894e-05
1.355000000000000000e+02,9.999875350917722949e-01,1.246456384684790919e-05
1.360000000000000000e+02,9.999950127592225346e-01,4.987220661334390570e-06
1.365000000000000000e+02,9.999988857224406669e-01,1.114275945401921319e-06
1.370000000000000000e+02,9.999918604160912272e-01,8.139486237457305151e-06
1.375000000000000000e+02,9.999841582552111419e-01,1.584128058862432908e-05
1.380000000000000000e+02,9.999931094792131603e-01,6.890494395062063404e-06
1.385000000000000000e+02,9.999980579130456348e-01,1.942083701411689844e-06
1.390000000000000000e+02,9.999964837028721965e-01,3.516278760051783081e-06
1.395000000000000000e+02,9.999798127412098392e-01,2.018661406322230789e-05
1.400000000000000000e+02,9.999911880545507836e-01,8.811898001503948308e-06
1.405000000000000000e+02,9.999972994569251705e-01,2.700538476507752250e-06
1.410000000000000000e+02,9.999989819014502013e-01,1.018096930427425661e-06
1.415000000000000000e+02,9.999764291889150503e-01,2.356998356822792573e-05
1.420000000000000000e+02,9.999900775429377831e-01,9.922375862725374418e-06
1.425000000000000000e+02,9.999969143022269247e-01,3.085692536153317178e-06
1.430000000000000000e+02,9.999998851911000575e-01,1.148088762947807595e-07
1.435000000000000000e+02,9.999758182328262190e-01,2.418090525901916976e-05
1.440000000000000000e+02,9.999899905549295420e-01,1.000932178163438380e-05
1.445000000000000000e+02,9.999968956233379336e-01,3.104369374007376337e-06
1.450000000000000000e+02,9.999999821497919106e-01,1.785020753430899276e-08
1.455000000000000000e+02,9.999786175070120020e-01,2.138181741329070462e-05
1.460000000000000000e+02,9.999902254358186138e-01,9.774385733241075513e-06
1.465000000000000000e+02,9.999968165035765244e-01,3.183484595048469146e-06
1.470000000000000000e+02,9.999997612565785232e-01,2.387432976869163781e-07
1.475000000000000000e+02,9.999839553023907035e-01,1.604431682700191431e-05
1.480000000000000000e+02,9.999895705782646527e-01,1.042917538174314984e-05
1.485000000000000000e+02,9.999961274596695926e-01,3.872525231707335536e-06
1.490000000000000000e+02,9.999993210486280981e-01,6.789506473703355027e-07
1.495000000000000000e+02,9.999900125978274934e-01,9.987254963927938434e-06
1.500000000000000000e+02,9.999871954052048650e-01,1.280426364480558021e-05
1.505000000000000000e+02,9.999946498764193947e-01,5.350105903190183199e-06
1.510000000000000000e+02,9.999986520829381442e-01,1.347915210669903274e-06
1.515000000000000000e+02,9.999950491156794907e-01,4.950848126017426409e-06
1.520000000000000000e+02,9.999834007441782413e-01,1.659879535675923279e-05
1.525000000000000000e+02,9.999928172882270871e-01,7.182682757012059938e-06
1.530000000000000000e+02,9.999979097273776762e-01,2.090269507704078933e-06
1.535000000000000000e+02,9.999982044167076145e-01,1.795578404739650580e-06
1.540000000000000000e+02,9.999796357120093182e-01,2.036365994673161595e-05
1.545000000000000000e+02,9.999914102879505773e-01,8.589659274083061291e-06
1.550000000000000000e+02,9.999973892287231658e-01,2.610767448896211818e-06
1.555000000000000000e+02,9.999996258597700916e-01,3.741399954293456176e-07
1.560000000000000000e+02,9.999777381950064603e-01,2.226107340064231721e-05
1.565000000000000000e+02,9.999909323084889001e-01,9.067607274815259188e-06
1.570000000000000000e+02,9.999972403105893415e-01,2.759684688324881563e-06
1.575000000000000000e+02,9.999999935111434368e-01,6.488856563180434023e-09
1.580000000000000000e+02,9.999788680900337789e-01,2.113125095259960062e-05
1.585000000000000000e+02,9.999911099230598399e-01,8.889952157309366498e-06
1.590000000000000000e+02,9.999972402038382890e-01,2.759788455986011968e-06
1.595000000000000000e+02,9.999999114610329531e-01,8.853894928328998049e-08
1.600000000000000000e+02,9.999828413205973376e-01,1.715824384296293914e-05
1.605000000000000000e+02,9.999909641742570354e-01,9.035648282251784735e-06
1.610000000000000000e+02,9.999968936826253429e-01,3.106306133426883775e-06
1.615000000000000000e+02,9.999996159574759957e-01,3.840422496681483722e-07
1.620000000000000000e+02,9.999882936008182011e-01,1.170619667023586885e-05
1.625000000000000000e+02,9.999894818772208094e-01,1.051788171502199276e-05
1.630000000000000000e+02,9.999958437020920465e-01,4.156284914125230046e-06
1.635000000000000000e+02,9.999991073050011892e-01,8.926940232578672862e-07
1.640000000000000000e+02,9.999934873523436130e-01,6.512585117857128125e-06
1.645000000000000000e+02,9.999864297284398740e-01,1.356993994150457183e-05
1.650000000000000000e+02,9.999942349283447163e-01,5.765053381012741340e-06
1.655000000000000000e+02,9.999984417646535784e-01,1.558233351461879579e-06
1.660000000000000000e+02,9.999972092038342808e-01,2.790784554229652770e-06
1.665000000000000000e+02,9.999827088095099015e-01,1.729072380129981212e-05
1.670000000000000000e+02,9.999926913746934876e-01,7.308591527088736939e-06
1.675000000000000000e+02,9.999978500578391438e-01,2.149939343554230220e-06
1.680000000000000000e+02,9.999991944886673645e-01,8.055103049020573280e-07
1.685000000000000000e+02,9.999799675070629723e-01,2.003189716870412695e-05
1.690000000000000000e+02,9.999918525823687787e-01,8.147360102905842894e-06
1.695000000000000000e+02,9.999975614036212823e-01,2.438593068587735502e-06
1.700000000000000000e+02,9.999999075913533764e-01,9.240863052539793898e-08
1.705000000000000000e+02,9.999796626874351002e-01,2.033670280066068869e-05
1.710000000000000000e+02,9.999918118701678349e-01,8.188042150969465638e-06
1.715000000000000000e+02,9.999975357557276956e-01,2.464239330923767568e-06
1.720000000000000000e+02,9.999999867236770701e-01,1.327632259684463634e-08
1.725000000000000000e+02,9.999822174901350502e-01,1.778204241376091232e-05
1.730000000000000000e+02,9.999919110403784339e-01,8.088831682684372026e-06
1.735000000000000000e+02,9.999974040174416379e-01,2.595974523122990263e-06
1.740000000000000000e+02,9.999998086220346361e-01,1.913778866491355757e-07
1.745000000000000000e+02,9.999868093730581720e-01,1.319036958180586083e-05
1.750000000000000000e+02,9.999911404685073446e-01,8.859353799683944430e-06
1.755000000000000000e+02,9.999967322987085572e-01,3.267691211950030095e-06
1.760000000000000000e+02,9.999994416358765070e-01,5.583636624173493601e-07
1.765000000000000000e+02,9.999918849054694192e-01,8.114997363195541880e-06
1.770000000000000000e+02,9.999888890017055720e-01,1.111075576198938819e-05
1.775000000000000000e+02,9.999954298856399415e-01,4.570102023482291997e-06
1.780000000000000000e+02,9.999988874414478257e-01,1.112557357796362112e-06
1.785000000000000000e+02,9.999960238410091629e-01,3.976135605654462779e-06
1.790000000000000000e+02,9.999855273177704618e-01,1.447233903739686411e-05
1.795000000000000000e+02,9.999938999726583067e-01,6.100005955911314004e-06
1.800000000000000000e+02,9.999982880986705291e-01,1.711899324297050384e-06
1.805000000000000000e+02,9.999985741550012630e-01,1.425841890556611702e-06
1.810000000000000000e+02,9.999823585081208943e-01,1.764102351908825028e-05
1.815000000000000000e+02,9.999927878167522710e-01,7.212144393475838910e-06
1.820000000000000000e+02,9.999978835481497796e-01,2.116449371536432977e-06
1.825000000000000000e+02,9.999997053744777986e-01,2.946253732094561428e-07
1.830000000000000000e+02,9.999809187839365787e-01,1.908067898692689113e-05
1.835000000000000000e+02,9.999924501392681853e-01,7.549798910599925250e-06
1.840000000000000000e+02,9.999977725292751307e-01,2.227467471804800425e-06
1.845000000000000000e+02,9.999999950696732975e-01,4.930326591434663897e-09
1.850000000000000000e+02,9.999821035295823890e-01,1.789599755575022044e-05
1.855000000000000000e+02,9.999925733302144071e-01,7.426577589120242351e-06
1.860000000000000000e+02,9.999977376789379591e-01,2.262315579093510109e-06
1.865000000000000000e+02,9.999999267872187181e-01,7.321276895844164301e-08
1.870000000000000000e+02,9.999856500762808187e-01,1.434961902713194348e-05
1.875000000000000000e+02,9.999922967593188883e-01,7.703109015322340269e-06
1.880000000000000000e+02,9.999973650571749584e-01,2.634935006518013267e-06
1.885000000000000000e+02,9.999996768165431149e-01,3.231832721439786837e-07
1.890000000000000000e+02,9.999903366431638352e-01,9.663218870858969467e-06
1.895000000000000000e+02,9.999908036429074887e-01,9.196176694148405772e-06
1.900000000000000000e+02,9.999963959558950677e-01,3.604034986004478469e-06
1.905000000000000000e+02,9.999992443424131627e-01,7.556569279199010225e-07
1.910000000000000000e+02,9.999946968366323352e-01,5.303121874078442488e-06
1.915000000000000000e+02,9.999880021016375187e-01,1.199764573989181571e-05
1.920000000000000000e+02,9.999950036349517513e-01,4.996351340436078203e-06
1.925000000000000000e+02,9.999986899908215321e-01,1.310007832433512931e-06
1.930000000000000000e+02,9.999977604020344746e-01,2.239590452535189513e-06
1.935000000000000000e+02,9.999847648120343546e-01,1.523482964926881067e-05
1.940000000000000000e+02,9.999937345135121447e-01,6.265460726240235090e-06
1.945000000000000000e+02,9.999982145937524880e-01,1.785404362797393674e-06
1.950000000000000000e+02,9.999993635979839146e-01,6.364013643844756984e-07
1.955000000000000000e+02,9.999825270725736237e-01,1.747247518968375601e-05
1.960000000000000000e+02,9.999930956920344283e-01,6.904264479690169765e-06
1.965000000000000000e+02,9.999979952150068740e-01,2.004782702513807635e-06
1.970000000000000000e+02,9.999999289749977871e-01,7.102499244293625225e-08
1.975000000000000000e+02,9.999824811666991886e-01,1.751838063523969424e-05
1.980000000000000000e+02,9.999930846109640337e-01,6.915322585010486023e-06
1.985000000000000000e+02,9.999979653540220781e-01,2.034642352821691702e-06
1.990000000000000000e+02,9.999999879850596241e-01,1.201493982083690071e-08
1.995000000000000000e+02,9.999848845487955273e-01,1.511511329155279526e-05
2.000000000000000000e+02,9.999930827436223080e-01,6.917158999142358766e-06
2.005000000000000000e+02,9.999977960385335596e-01,2.203955627888554147e-06
2.010000000000000000e+02,9.999998349108780715e-01,1.650890661952786331e-07
2.015000000000000000e+02,9.999889406878624820e-01,1.105913123800039699e-05
2.020000000000000000e+02,9.999922276990342862e-01,7.772165083297366550e-06
2.025000000000000000e+02,9.999971415425517041e-01,2.858450253606648062e-06
2.030000000000000000e+02,9.999995161671287880e-01,4.838325448064395573e-07
2.035000000000000000e+02,9.999932946550400548e-01,6.705278628116317918e-06
2.040000000000000000e+02,9.999900799085386094e-01,9.919903478872171831e-06
2.045000000000000000e+02,9.999959719556003046e-01,4.028035132330742840e-06
2.050000000000000000e+02,9.999990416689957806e-01,9.583301631144180988e-07
2.055000000000000000e+02,9.999967671793168478e-01,3.232805190322984856e-06
2.060000000000000000e+02,9.999870634768444067e-01,1.293625363119055294e-05
2.065000000000000000e+02,9.999946699183996923e-01,5.330064830166847401e-06
2.070000000000000000e+02,9.999985454552765551e-01,1.454543330781099542e-06
2.075000000000000000e+02,9.999988612431908175e-01,1.138754805229957867e-06
2.080000000000000000e+02,9.999843637473855296e-01,1.563588662611969937e-05
2.085000000000000000e+02,9.999937790029157503e-01,6.220966831893548488e-06
2.090000000000000000e+02,9.999982260374042919e-01,1.773960865869561587e-06
2.095000000000000000e+02,9.999997708673575847e-01,2.291325502667973524e-07
2.100000000000000000e+02,9.999832978198408551e-01,1.670176874735140871e-05
2.105000000000000000e+02,9.999935422494209414e-01,6.457702642959084471e-06
2.110000000000000000e+02,9.999981411259486475e-01,1.858871637616665851e-06
2.115000000000000000e+02,9.999999970601374244e-01,2.939862464579334755e-09
2.120000000000000000e+02,9.999845477439777142e-01,1.545190327356671389e-05
2.125000000000000000e+02,9.999936199602412756e-01,6.379967962932830972e-06
2.130000000000000000e+02,9.999980805148620533e-01,1.919481000811629201e-06
2.135000000000000000e+02,9.999999342404182201e-01,6.575957212096028570e-08
2.140000000000000000e+02,9.999877860228554294e-01,1.221375635873656051e-05
2.145000000000000000e+02,9.999932398490625207e-01,6.760048210652236378e-06
2.150000000000000000e+02,9.999976895927268350e-01,2.310401523764049614e-06
2.155000000000000000e+02,9.999997140962447739e-01,2.859036176694473852e-07
2.160000000000000000e+02,9.999918990087062198e-01,8.100894335782982125e-06
2.165000000000000000e+02,9.999917439279215614e-01,8.255930140643741311e-06
2.170000000000000000e+02,9.999967842752921499e-01,3.215717894855529835e-06
2.175000000000000000e+02,9.999993344325233124e-01,6.655669946287190442e-07
2.180000000000000000e+02,9.999956275493128155e-01,4.372422456322411222e-06
2.185000000000000000e+02,9.999891497990249789e-01,1.084999917810858250e-05
2.190000000000000000e+02,9.999955595810888775e-01,4.440408001959994522e-06
2.195000000000000000e+02,9.999988616852266698e-01,1.138313801885004750e-06
2.200000000000000000e+02,9.999981881280266549e-01,1.811867027412539244e-06
2.205000000000000000e+02,9.999863027195040610e-01,1.369699358111375886e-05
2.210000000000000000e+02,9.999945017344111786e-01,5.498244960211451371e-06
2.215000000000000000e+02,9.999984734636280237e-01,1.526535028939512983e-06
2.220000000000000000e+02,9.999994975791146601e-01,5.024204714487723322e-07
2.225000000000000000e+02,9.999844740183730929e-01,1.552562516837774353e-05
2.230000000000000000e+02,9.999940121022546924e-01,5.987863262890691374e-06
2.235000000000000000e+02,9.999983036838859807e-01,1.696314418264677215e-06
2.240000000000000000e+02,9.999999473541831829e-01,5.264581126596112881e-08
2.245000000000000000e+02,9.999846471983273588e-01,1.535245382666694525e-05
2.250000000000000000e+02,9.999940196779227852e-01,5.980269302652274632e-06
2.255000000000000000e+02,9.999982689070670006e-01,1.731090117362832359e-06
2.260000000000000000e+02,9.999999875949914241e-01,1.240500813182165984e-08
2.265000000000000000e+02,9.999869442044115875e-01,1.305554339059433744e-05
2.270000000000000000e+02,9.999939329528796383e-01,6.066969589380022398e-06
2.275000000000000000e+02,9.999980700397539390e-01,1.929955794510718192e-06
2.280000000000000000e+02,9.999998500014072311e-01,1.499985484709753791e-07
2.285000000000000000e+02,9.999905962736630460e-01,9.403595530033115324e-06
2.290000000000000000e+02,9.999930158231181698e-01,6.984068450233138492e-06
2.295000000000000000e+02,9.999974319514948196e-01,2.568043099948624786e-06
2.300000000000000000e+02,9.999995650439682526e-01,4.349557836125228505e-07
2.305000000000000000e+02,9.999943946268956552e-01,5.605326729885007353e-06
2.310000000000000000e+02,9.999909558405246646e-01,9.044007436509460263e-06
2.315000000000000000e+02,9.999963690154750617e-01,3.630977166602100681e-06
2.320000000000000000e+02,9.999991495972591071e-01,8.504021111743753636e-07
2.325000000000000000e+02,9.999973481253867647e-01,2.651864160707617657e-06
2.330000000000000000e+02,9.999882229556341651e-01,1.177682438480154303e-05
2.335000000000000000e+02,9.999952466414667729e-01,4.753344784447222082e-06
2.340000000000000000e+02,9.999987305370598989e-01,1.269461916586500649e-06
2.345000000000000000e+02,9.999990875101840704e-01,9.124885144151662075e-07
2.350000000000000000e+02,9.999859117995860691e-01,1.408790450230235081e-05
2.355000000000000000e+02,9.999945262326344064e-01,5.473742823780547440e-06
2.360000000000000000e+02,9.999984756948787634e-01,1.524303842481700144e-06
2.365000000000000000e+02,9.999998234949295517e-01,1.765050141599999733e-07
2.370000000000000000e+02,9.999851543258635456e-01,1.484534909979018380e-05
2.375000000000000000e+02,9.999943656379095547e-01,5.634323367309512776e-06
2.380000000000000000e+02,9.999984090240181533e-01,1.590974085918794856e-06
2.385000000000000000e+02,9.999999987000169899e-01,1.299983010127903071e-09
2.390000000000000000e+02,9.999864670016874735e-01,1.353272756499102059e-05
2.395000000000000000e+02,9.999943995453044465e-01,5.600396531191265126e-06
2.400000000000000000e+02,9.999983253995667898e-01,1.674597169598612822e-06
2.405000000000000000e+02,9.999999375233713517e-01,6.247661998859399546e-08
2.410000000000000000e+02,9.999894699302233070e-01,1.052990565941769319e-05
2.415000000000000000e+02,9.999939358851606119e-01,6.064031559338545208e-06
2.420000000000000000e+02,9.999979205490412415e-01,2.079446552283314986e-06
2.425000000000000000e+02,9.999997374814151296e-01,2.625184752913511943e-07
2.430000000000000000e+02,9.999931329141842351e-01,6.867016178246920788e-06
2.435000000000000000e+02,9.999924416617259615e-01,7.558222337444853167e-06
2.440000000000000000e+02,9.999970692401397576e-01,2.930754502306065490e-06
2.445000000000000000e+02,9.999993971937041204e-01,6.028059219564951832e-07
2.450000000000000000e+02,9.999963628846840757e-01,3.637095762676345601e-06
2.455000000000000000e+02,9.999900226579651052e-01,9.977175003061944381e-06
2.460000000000000000e+02,9.999959803637883393e-01,4.019627141804704706e-06
2.465000000000000000e+02,9.999989871328537339e-01,1.012866408856005762e-06
2.470000000000000000e+02,9.999985262537229858e-01,1.473742981872305791e-06
2.475000000000000000e+02,9.999874997783907427e-01,1.249998454855294483e-05
2.480000000000000000e+02,9.999950913295144739e-01,4.908653354895875509e-06
2.485000000000000000e+02,9.999986655789196988e-01,1.334420075549402895e-06
2.490000000000000000e+02,9.999996037471123866e-01,3.962526256007237180e-07
2.495000000000000000e+02,9.999860145391045174e-01,1.398517193651471757e-05
2.500000000000000000e+02,9.999947169843477202e-01,5.282987307286823864e-06
2.505000000000000000e+02,9.999985336030571270e-01,1.466395618487936758e-06
2.510000000000000000e+02,9.999999625161363204e-01,3.748386068203046761e-08
2.515000000000000000e+02,9.999863729659939082e-01,1.362675981120275992e-05
2.520000000000000000e+02,9.999947315323890473e-01,5.268424184023956514e-06
2.525000000000000000e+02,9.999984928931292538e-01,1.507104591125241200e-06
2.530000000000000000e+02,9.999999862401918183e-01,1.375980751561201032e-08
2.535000000000000000e+02,9.999885933959630213e-01,1.140641144625753611e-05
2.540000000000000000e+02,9.999945727330864509e-01,5.427203110475176118e-06
2.545000000000000000e+02,9.999982696764242451e-01,1.730320062787171764e-06
2.550000000000000000e+02,9.999998585906511028e-01,1.414093112606096270e-07
2.555000000000000000e+02,9.999919202729966594e-01,8.079630469559617723e-06
2.560000000000000000e+02,9.999936023504891747e-01,6.397560009308023155e-06
2.565000000000000000e+02,9.999976451334934291e-01,2.354862275955049711e-06
2.570000000000000000e+02,9.999995982072625855e-01,4.017925370192187984e-07
2.575000000000000000e+02,9.999952719872622353e-01,4.727979746155241969e-06
2.580000000000000000e+02,9.999916208977779331e-01,8.378975182132819555e-06
2.585000000000000000e+02,9.999966701750186981e-01,3.329818868968992263e-06
2.590000000000000000e+02,9.999992284257832598e-01,7.715737232460995187e-07
2.595000000000000000e+02,9.999978109829459338e-01,2.189009906672367833e-06
2.600000000000000000e+02,9.999891304032739736e-01,1.086941179551104142e-05
2.605000000000000000e+02,9.999956952512600861e-01,4.304737079463549776e-06
2.610000000000000000e+02,9.999988707684618339e-01,1.129230754903787215e-06
2.615000000000000000e+02,9.999992672260805682e-01,7.327730682238353666e-07
2.620000000000000000e+02,9.999871482129785161e-01,1.285154149477385488e-05
2.625000000000000000e+02,9.999951115786973599e-01,4.888400758185085238e-06
2.630000000000000000e+02,9.999986649722112375e-01,1.335026797333327409e-06
2.635000000000000000e+02,9.999998654600144032e-01,1.345399520680246042e-07
2.640000000000000000e+02,9.999866524344674934e-01,1.334730273461204320e-05
2.645000000000000000e+02,9.999950049740686797e-01,4.994993619722443157e-06
2.650000000000000000e+02,9.999986112598456822e-01,1.388738600782701837e-06
2.655000000000000000e+02,9.999999997066693069e-01,2.933305820462805968e-10
2.660000000000000000e+02,9.999880239060194853e-01,1.197588182988429395e-05
2.665000000000000000e+02,9.999949983269147413e-01,5.001624506228985467e-06
2.670000000000000000e+02,9.999985074086754633e-01,1.492588669771421905e-06
2.675000000000000000e+02,9.999999382116264712e-01,6.178836531312015268e-08
2.680000000000000000e+02,9.999908349368569205e-01,9.164938788219778587e-06
2.685000000000000000e+02,9.999944609657539507e-01,5.538964710782856571e-06
2.690000000000000000e+02,9.999980916411214116e-01,1.908355392599148104e-06
2.695000000000000000e+02,9.999997517621619370e-01,2.482377455814699374e-07
2.700000000000000000e+02,9.999941306019003440e-01,5.869347224463083990e-06
2.705000000000000000e+02,9.999929702668517439e-01,7.029635520683363836e-06
2.710000000000000000e+02,9.999972861101493748e-01,2.713885460803311389e-06
2.715000000000000000e+02,9.999994425392749742e-01,5.574604222680079602e-07
2.720000000000000000e+02,9.999969546959274203e-01,3.045290340564221765e-06
2.725000000000000000e+02,9.999907027103818180e-01,9.297147459674803827e-06
2.730000000000000000e+02,9.999963105793593376e-01,3.689412838903116665e-06
2.735000000000000000e+02,9.999990825805802341e-01,9.174188387861548222e-07
2.740000000000000000e+02,9.999987969414902977e-01,1.203056295695503763e-06
2.745000000000000000e+02,9.999884640216043508e-01,1.153577779544612270e-05
2.750000000000000000e+02,9.999955606341706105e-01,4.439351207197184124e-06
2.755000000000000000e+02,9.999988141841271716e-01,1.185815091564457191e-06
2.760000000000000000e+02,9.999996887291933145e-01,3.112706411512178306e-07
2.765000000000000000e+02,9.999872713786052136e-01,1.272838223331795859e-05
2.770000000000000000e+02,9.999952761528166922e-01,4.723823212371414115e-06
2.775000000000000000e+02,9.999987108475855146e-01,1.289151333239146879e-06
2.780000000000000000e+02,9.999999741108588358e-01,2.588913983192497881e-08
2.785000000000000000e+02,9.999877892347839303e-01,1.221054494537909818e-05
2.790000000000000000e+02,9.999952901022407525e-01,4.709861013196814383e-06
2.795000000000000000e+02,9.999986620569185636e-01,1.337941176959844825e-06
2.800000000000000000e+02,9.999999842287385921e-01,1.577126085283708790e-08
2.805000000000000000e+02,9.999899469343986880e-01,1.005291595257418180e-05
2.810000000000000000e+02,9.999950627728620978e-01,4.937173208263700985e-06
2.815000000000000000e+02,9.999984179344616475e-01,1.582062693294972178e-06
2.820000000000000000e+02,9.999998628485109453e-01,1.371514555259523149e-07
2.825000000000000000e+02,9.999930047062882688e-01,6.995221354721969931e-06
2.830000000000000000e+02,9.999940491957868272e-01,5.950728294901175275e-06
2.835000000000000000e+02,9.999978056692701012e-01,2.194327301530130114e-06
2.840000000000000000e+02,9.999996211560393533e-01,3.788437932250587892e-07
2.845000000000000000e+02,9.999959874789128289e-01,4.012497314298535400e-06
2.850000000000000000e+02,9.999921406052946216e-01,7.859285688582851037e-06
2.855000000000000000e+02,9.999969070158792883e-01,3.092978859031703109e-06
2.860000000000000000e+02,9.999992882991751708e-01,7.117004239276525368e-07
2.865000000000000000e+02,9.999981853035355694e-01,1.814691531043521877e-06
2.870000000000000000e+02,9.999898626718012329e-01,1.013716912900974876e-05
2.875000000000000000e+02,9.999960556855252980e-01,3.944304322711644772e-06
2.880000000000000000e+02,9.999989810659348777e-01,1.018933446395031694e-06
2.885000000000000000e+02,9.999994114761545649e-01,5.885232875479928794e-07
2.890000000000000000e+02,9.999881657306106675e-01,1.183406170912615352e-05
2.895000000000000000e+02,9.999955834832252588e-01,4.416499133741424998e-06
2.900000000000000000e+02,9.999988143310583055e-01,1.185668143222073923e-06
2.905000000000000000e+02,9.999998985598992363e-01,1.014400807797244397e-07
2.910000000000000000e+02,9.999878962752021261e-01,1.210350863600773152e-05
2.915000000000000000e+02,9.999955155698081466e-01,4.484402536530929240e-06
2.920000000000000000e+02,9.999987677339283731e-01,1.232264756123591098e-06
2.925000000000000000e+02,9.999999999954219954e-01,4.578004642041832994e-12
2.930000000000000000e+02,9.999893168657421061e-01,1.068296535311485940e-05
2.935000000000000000e+02,9.999954680809526320e-01,4.531877489721836128e-06
2.940000000000000000e+02,9.999986446030286746e-01,1.355394757762695690e-06
2.945000000000000000e+02,9.999999371415752014e-01,6.285841658293378487e-08
2.950000000000000000e+02,9.999919675190233059e-01,8.032385452994006414e-06
2.955000000000000000e+02,9.999948666023102950e-01,5.133338244589502608e-06
2.960000000000000000e+02,9.999982198514582032e-01,1.780145708396574378e-06
2.965000000000000000e+02,9.999997612307607309e-01,2.387691584448958793e-07
2.970000000000000000e+02,9.999949526828416646e-01,5.047279529435400036e-06
2.975000000000000000e+02,9.999933803644628361e-01,6.619551315756311283e-06
2.980000000000000000e+02,9.999974542934927380e-01,2.545702780465397552e-06
2.985000000000000000e+02,9.999994760596189192e-01,5.239401266177168282e-07
2.990000000000000000e+02,9.999974389340742231e-01,2.561056194227973037e-06
2.995000000000000000e+02,9.999912518903519842e-01,8.747985938750701962e-06
3.000000000000000000e+02,9.999965777286614621e-01,3.422264450825274196e-06
3.005000000000000000e+02,9.999991578638282030e-01,8.421357007293295283e-07
